id	create_uid	placement	product_id	write_uid	visit_sheet_id	create_date	avalable_stock	write_date	manufacturer_id	last_visit_stock
213	1	(null)	14	1	(null)	2019-06-11 08:47:53	(null)	2019-06-11 08:47:53	1	0
156	1	1	26	1	(null)	2019-06-03 13:19:44	(null)	2019-06-06 05:59:37	3	0
143	1	1	14	1	(null)	2019-06-03 13:19:44	(null)	2019-06-03 13:20:12	1	0
144	1	2	15	1	(null)	2019-06-03 13:19:44	(null)	2019-06-03 13:20:12	1	0
214	1	(null)	15	1	(null)	2019-06-11 08:47:53	(null)	2019-06-11 08:47:53	1	0
215	1	(null)	16	1	(null)	2019-06-11 08:47:53	(null)	2019-06-11 08:47:53	1	0
216	1	(null)	17	1	(null)	2019-06-11 08:47:53	(null)	2019-06-11 08:47:53	1	0
217	1	(null)	18	1	(null)	2019-06-11 08:47:53	(null)	2019-06-11 08:47:53	1	0
145	1	3	16	1	(null)	2019-06-03 13:19:44	(null)	2019-06-03 13:20:12	1	0
146	1	5	17	1	(null)	2019-06-03 13:19:44	(null)	2019-06-03 13:20:12	1	0
147	1	2	18	1	(null)	2019-06-03 13:19:44	(null)	2019-06-06 05:59:37	1	0
148	1	4	27	1	(null)	2019-06-03 13:19:44	(null)	2019-06-06 05:59:37	1	0
149	1	1	19	1	(null)	2019-06-03 13:19:44	(null)	2019-06-06 05:59:37	1	0
150	1	1	20	1	(null)	2019-06-03 13:19:44	(null)	2019-06-06 05:59:37	1	0
151	1	1	22	1	(null)	2019-06-03 13:19:44	(null)	2019-06-06 05:59:37	2	0
152	1	2	23	1	(null)	2019-06-03 13:19:44	(null)	2019-06-06 05:59:37	2	0
153	1	1	24	1	(null)	2019-06-03 13:19:44	(null)	2019-06-06 05:59:37	2	0
154	1	1	21	1	(null)	2019-06-03 13:19:44	(null)	2019-06-06 05:59:37	2	0
155	1	1	25	1	(null)	2019-06-03 13:19:44	(null)	2019-06-06 05:59:37	3	0
218	1	(null)	27	1	(null)	2019-06-11 08:47:53	(null)	2019-06-11 08:47:53	1	0
219	1	(null)	19	1	(null)	2019-06-11 08:47:53	(null)	2019-06-11 08:47:53	1	0
220	1	(null)	20	1	(null)	2019-06-11 08:47:53	(null)	2019-06-11 08:47:53	1	0
221	1	(null)	22	1	(null)	2019-06-11 08:47:53	(null)	2019-06-11 08:47:53	2	0
222	1	(null)	23	1	(null)	2019-06-11 08:47:53	(null)	2019-06-11 08:47:53	2	0
223	1	(null)	24	1	(null)	2019-06-11 08:47:53	(null)	2019-06-11 08:47:53	2	0
224	1	(null)	21	1	(null)	2019-06-11 08:47:53	(null)	2019-06-11 08:47:53	2	0
175	1	20	18	1	(null)	2019-06-06 06:40:14	2	2019-06-06 06:41:23	1	0
176	1	10	27	1	(null)	2019-06-06 06:40:14	2	2019-06-06 06:41:23	1	0
536	1	(null)	14	1	(null)	2019-06-17 14:02:24	(null)	2019-06-17 14:02:24	1	0
537	1	(null)	15	1	(null)	2019-06-17 14:02:24	(null)	2019-06-17 14:02:24	1	0
538	1	(null)	16	1	(null)	2019-06-17 14:02:24	(null)	2019-06-17 14:02:24	1	0
539	1	(null)	17	1	(null)	2019-06-17 14:02:24	(null)	2019-06-17 14:02:24	1	0
540	1	(null)	18	1	(null)	2019-06-17 14:02:24	(null)	2019-06-17 14:02:24	1	0
541	1	(null)	27	1	(null)	2019-06-17 14:02:24	(null)	2019-06-17 14:02:24	1	0
542	1	(null)	19	1	(null)	2019-06-17 14:02:24	(null)	2019-06-17 14:02:24	1	0
543	1	(null)	20	1	(null)	2019-06-17 14:02:24	(null)	2019-06-17 14:02:24	1	0
544	1	(null)	22	1	(null)	2019-06-17 14:02:24	(null)	2019-06-17 14:02:24	2	0
545	1	(null)	23	1	(null)	2019-06-17 14:02:24	(null)	2019-06-17 14:02:24	2	0
546	1	(null)	24	1	(null)	2019-06-17 14:02:24	(null)	2019-06-17 14:02:24	2	0
99	1	(null)	25	1	63	2019-05-28 14:16:14	(null)	2019-05-31 14:21:28	3	3
1	1	(null)	14	1	58	2019-05-21 08:53:59	(null)	2019-05-31 14:21:28	1	2
547	1	(null)	21	1	(null)	2019-06-17 14:02:24	(null)	2019-06-17 14:02:24	2	0
548	1	(null)	25	1	(null)	2019-06-17 14:02:24	(null)	2019-06-17 14:02:24	3	0
549	1	(null)	26	1	(null)	2019-06-17 14:02:24	(null)	2019-06-17 14:02:24	3	0
157	1	10	14	1	(null)	2019-06-03 13:25:20	(null)	2019-06-06 06:01:51	1	2
158	1	25	15	1	(null)	2019-06-03 13:25:20	(null)	2019-06-06 06:01:51	1	1
159	1	20	16	1	(null)	2019-06-03 13:25:20	(null)	2019-06-06 06:01:51	1	0
160	1	30	17	1	(null)	2019-06-03 13:25:20	(null)	2019-06-06 06:01:51	1	0
161	1	40	18	1	(null)	2019-06-03 13:25:20	(null)	2019-06-06 06:01:51	1	0
162	1	45	27	1	(null)	2019-06-03 13:25:20	(null)	2019-06-06 06:01:51	1	0
163	1	40	19	1	(null)	2019-06-03 13:25:20	(null)	2019-06-06 06:01:51	1	0
164	1	50	20	1	(null)	2019-06-03 13:25:20	(null)	2019-06-06 06:01:51	1	0
165	1	50	22	1	(null)	2019-06-03 13:25:20	(null)	2019-06-06 06:01:51	2	0
166	1	10	23	1	(null)	2019-06-03 13:25:20	(null)	2019-06-06 06:01:51	2	0
673	1	(null)	21	1	104	2019-06-19 08:13:35	(null)	2019-06-19 08:13:35	2	0
674	1	(null)	25	1	104	2019-06-19 08:13:35	(null)	2019-06-19 08:13:35	3	0
675	1	(null)	26	1	104	2019-06-19 08:13:35	(null)	2019-06-19 08:13:35	3	0
676	1	(null)	14	1	105	2019-06-19 08:13:35	(null)	2019-06-19 08:13:35	1	0
677	1	(null)	15	1	105	2019-06-19 08:13:35	(null)	2019-06-19 08:13:35	1	0
678	1	(null)	16	1	105	2019-06-19 08:13:35	(null)	2019-06-19 08:13:35	1	0
679	1	(null)	17	1	105	2019-06-19 08:13:35	(null)	2019-06-19 08:13:35	1	0
680	1	(null)	18	1	105	2019-06-19 08:13:35	(null)	2019-06-19 08:13:35	1	0
681	1	(null)	27	1	105	2019-06-19 08:13:35	(null)	2019-06-19 08:13:35	1	0
682	1	(null)	19	1	105	2019-06-19 08:13:35	(null)	2019-06-19 08:13:35	1	0
683	1	(null)	20	1	105	2019-06-19 08:13:35	(null)	2019-06-19 08:13:35	1	0
177	1	30	19	1	(null)	2019-06-06 06:40:14	1	2019-06-06 06:41:23	1	0
178	1	10	20	1	(null)	2019-06-06 06:40:14	1	2019-06-06 06:41:23	1	0
179	1	30	22	1	(null)	2019-06-06 06:40:14	4	2019-06-06 06:41:23	2	0
180	1	10	23	1	(null)	2019-06-06 06:40:14	(null)	2019-06-06 06:41:23	2	0
181	1	(null)	24	1	(null)	2019-06-06 06:40:14	(null)	2019-06-06 06:40:14	2	0
182	1	(null)	21	1	(null)	2019-06-06 06:40:14	(null)	2019-06-06 06:40:14	2	0
183	1	(null)	25	1	(null)	2019-06-06 06:40:14	(null)	2019-06-06 06:40:14	3	0
184	1	(null)	26	1	(null)	2019-06-06 06:40:14	(null)	2019-06-06 06:40:14	3	0
171	1	10	14	1	(null)	2019-06-06 06:40:14	1	2019-06-06 06:41:23	1	1
172	1	10	15	1	(null)	2019-06-06 06:40:14	1	2019-06-06 06:41:23	1	0
173	1	20	16	1	(null)	2019-06-06 06:40:14	5	2019-06-06 06:41:23	1	0
174	1	30	17	1	(null)	2019-06-06 06:40:14	5	2019-06-06 06:41:23	1	0
187	1	(null)	16	1	(null)	2019-06-06 06:50:26	(null)	2019-06-06 06:50:26	1	0
188	1	(null)	17	1	(null)	2019-06-06 06:50:26	(null)	2019-06-06 06:50:26	1	0
101	1	10	14	1	64	2019-05-29 06:34:02	2	2019-06-06 06:26:07	1	2
109	1	30	22	1	64	2019-05-29 06:34:02	(null)	2019-06-06 06:26:07	2	0
232	1	(null)	27	1	(null)	2019-06-11 08:58:18	(null)	2019-06-11 08:58:18	1	0
233	1	(null)	19	1	(null)	2019-06-11 08:58:18	(null)	2019-06-11 08:58:18	1	0
234	1	(null)	20	1	(null)	2019-06-11 08:58:18	(null)	2019-06-11 08:58:18	1	0
235	1	(null)	22	1	(null)	2019-06-11 08:58:18	(null)	2019-06-11 08:58:18	2	0
236	1	(null)	23	1	(null)	2019-06-11 08:58:18	(null)	2019-06-11 08:58:18	2	0
237	1	(null)	24	1	(null)	2019-06-11 08:58:18	(null)	2019-06-11 08:58:18	2	0
238	1	(null)	21	1	(null)	2019-06-11 08:58:18	(null)	2019-06-11 08:58:18	2	0
15	1	0	14	1	60	2019-05-21 08:58:29	0	2019-05-31 14:21:28	1	2
59	1	(null)	14	1	61	2019-05-28 14:14:29	1	2019-05-31 14:21:28	1	2
98	1	(null)	21	1	63	2019-05-28 14:16:14	(null)	2019-05-31 14:21:28	2	2
129	1	(null)	14	1	66	2019-05-29 08:17:39	2	2019-05-31 14:21:28	1	2
5	1	(null)	18	1	58	2019-05-21 08:53:59	(null)	2019-05-31 14:21:28	1	1
73	1	(null)	14	1	62	2019-05-28 14:15:18	(null)	2019-05-31 14:21:28	1	1
35	1	(null)	18	1	59	2019-05-28 13:50:41	(null)	2019-05-31 14:21:28	1	1
49	1	(null)	18	1	60	2019-05-28 14:12:33	(null)	2019-05-31 14:21:28	1	1
63	1	(null)	18	1	61	2019-05-28 14:14:29	(null)	2019-05-31 14:21:28	1	1
103	1	(null)	16	1	64	2019-05-29 06:34:02	(null)	2019-05-31 14:21:28	1	1
102	1	(null)	15	1	64	2019-05-29 06:34:02	1	2019-05-31 14:21:28	1	1
115	1	(null)	14	1	65	2019-05-29 08:15:19	2	2019-05-31 14:21:28	1	1
130	1	(null)	15	1	66	2019-05-29 08:17:39	1	2019-05-31 14:21:28	1	1
2	1	(null)	15	1	58	2019-05-21 08:53:59	(null)	2019-05-31 14:21:28	1	0
3	1	(null)	16	1	58	2019-05-21 08:53:59	(null)	2019-05-31 14:21:28	1	0
4	1	(null)	17	1	58	2019-05-21 08:53:59	(null)	2019-05-31 14:21:28	1	0
6	1	(null)	27	1	58	2019-05-21 08:53:59	(null)	2019-05-31 14:21:28	1	0
7	1	(null)	19	1	58	2019-05-21 08:53:59	(null)	2019-05-31 14:21:28	1	0
8	1	(null)	20	1	58	2019-05-21 08:53:59	(null)	2019-05-31 14:21:28	1	0
9	1	(null)	22	1	58	2019-05-21 08:53:59	(null)	2019-05-31 14:21:28	2	0
10	1	(null)	23	1	58	2019-05-21 08:53:59	(null)	2019-05-31 14:21:28	2	0
11	1	(null)	24	1	58	2019-05-21 08:53:59	(null)	2019-05-31 14:21:28	2	0
12	1	(null)	21	1	58	2019-05-21 08:53:59	(null)	2019-05-31 14:21:28	2	0
13	1	(null)	25	1	58	2019-05-21 08:53:59	(null)	2019-05-31 14:21:28	3	0
14	1	(null)	26	1	58	2019-05-21 08:53:59	(null)	2019-05-31 14:21:28	3	0
74	1	(null)	15	1	62	2019-05-28 14:15:18	(null)	2019-05-31 14:21:28	1	0
75	1	(null)	16	1	62	2019-05-28 14:15:18	(null)	2019-05-31 14:21:28	1	0
76	1	(null)	17	1	62	2019-05-28 14:15:18	(null)	2019-05-31 14:21:28	1	0
29	1	0	14	1	(null)	2019-05-22 11:33:19	0	2019-05-31 14:21:28	1	0
30	1	0	15	1	(null)	2019-05-22 11:33:19	0	2019-05-31 14:21:28	1	0
78	1	(null)	27	1	62	2019-05-28 14:15:18	(null)	2019-05-31 14:21:28	1	0
79	1	(null)	19	1	62	2019-05-28 14:15:18	(null)	2019-05-31 14:21:28	1	0
80	1	(null)	20	1	62	2019-05-28 14:15:18	(null)	2019-05-31 14:21:28	1	0
32	1	(null)	15	1	59	2019-05-28 13:50:41	(null)	2019-05-31 14:21:28	1	0
33	1	(null)	16	1	59	2019-05-28 13:50:41	(null)	2019-05-31 14:21:28	1	0
34	1	(null)	17	1	59	2019-05-28 13:50:41	(null)	2019-05-31 14:21:28	1	0
36	1	(null)	27	1	59	2019-05-28 13:50:41	(null)	2019-05-31 14:21:28	1	0
37	1	(null)	19	1	59	2019-05-28 13:50:41	(null)	2019-05-31 14:21:28	1	0
38	1	(null)	20	1	59	2019-05-28 13:50:41	(null)	2019-05-31 14:21:28	1	0
39	1	(null)	22	1	59	2019-05-28 13:50:41	(null)	2019-05-31 14:21:28	2	0
40	1	(null)	23	1	59	2019-05-28 13:50:41	(null)	2019-05-31 14:21:28	2	0
41	1	(null)	24	1	59	2019-05-28 13:50:41	(null)	2019-05-31 14:21:28	2	0
42	1	(null)	21	1	59	2019-05-28 13:50:41	(null)	2019-05-31 14:21:28	2	0
43	1	(null)	25	1	59	2019-05-28 13:50:41	(null)	2019-05-31 14:21:28	3	0
31	1	(null)	14	1	59	2019-05-28 13:50:41	1	2019-05-31 14:21:28	1	0
16	1	0	21	1	60	2019-05-21 08:59:27	2	2019-05-31 14:21:28	2	0
17	1	0	25	1	60	2019-05-21 08:59:27	3	2019-05-31 14:21:28	3	0
46	1	(null)	15	1	60	2019-05-28 14:12:33	(null)	2019-05-31 14:21:28	1	0
47	1	(null)	16	1	60	2019-05-28 14:12:33	(null)	2019-05-31 14:21:28	1	0
106	1	(null)	27	1	64	2019-05-29 06:34:02	(null)	2019-05-31 14:21:28	1	0
107	1	(null)	19	1	64	2019-05-29 06:34:02	(null)	2019-05-31 14:21:28	1	0
108	1	(null)	20	1	64	2019-05-29 06:34:02	(null)	2019-05-31 14:21:28	1	0
550	1	(null)	14	1	96	2019-06-17 14:35:26	(null)	2019-06-17 14:35:26	1	1
110	1	(null)	23	1	64	2019-05-29 06:34:02	(null)	2019-05-31 14:21:28	2	0
111	1	(null)	24	1	64	2019-05-29 06:34:02	(null)	2019-05-31 14:21:28	2	0
551	1	(null)	15	1	96	2019-06-17 14:35:26	(null)	2019-06-17 14:35:26	1	0
239	1	(null)	25	1	(null)	2019-06-11 08:58:18	(null)	2019-06-11 08:58:18	3	0
240	1	(null)	26	1	(null)	2019-06-11 08:58:18	(null)	2019-06-11 08:58:18	3	0
225	1	(null)	25	1	(null)	2019-06-11 08:47:53	(null)	2019-06-11 08:47:53	3	0
226	1	(null)	26	1	(null)	2019-06-11 08:47:53	(null)	2019-06-11 08:47:53	3	0
204	1	(null)	27	1	(null)	2019-06-06 06:53:24	(null)	2019-06-06 06:53:24	1	0
206	1	(null)	20	1	(null)	2019-06-06 06:53:24	(null)	2019-06-06 06:53:24	1	0
208	1	(null)	23	1	(null)	2019-06-06 06:53:24	(null)	2019-06-06 06:53:24	2	0
209	1	(null)	24	1	(null)	2019-06-06 06:53:24	(null)	2019-06-06 06:53:24	2	0
210	1	(null)	21	1	(null)	2019-06-06 06:53:24	(null)	2019-06-06 06:53:24	2	0
211	1	(null)	25	1	(null)	2019-06-06 06:53:24	(null)	2019-06-06 06:53:24	3	0
212	1	(null)	26	1	(null)	2019-06-06 06:53:24	(null)	2019-06-06 06:53:24	3	0
199	1	10	14	1	(null)	2019-06-06 06:53:24	5	2019-06-06 06:54:38	1	0
200	1	10	15	1	(null)	2019-06-06 06:53:24	(null)	2019-06-06 06:54:38	1	0
201	1	20	16	1	(null)	2019-06-06 06:53:24	(null)	2019-06-06 06:54:38	1	0
202	1	(null)	17	1	(null)	2019-06-06 06:53:24	5	2019-06-06 06:54:38	1	0
203	1	(null)	18	1	(null)	2019-06-06 06:53:24	4	2019-06-06 06:54:38	1	0
48	1	(null)	17	1	60	2019-05-28 14:12:33	(null)	2019-05-31 14:21:28	1	0
50	1	(null)	27	1	60	2019-05-28 14:12:33	(null)	2019-05-31 14:21:28	1	0
51	1	(null)	19	1	60	2019-05-28 14:12:33	(null)	2019-05-31 14:21:28	1	0
52	1	(null)	20	1	60	2019-05-28 14:12:33	(null)	2019-05-31 14:21:28	1	0
53	1	(null)	22	1	60	2019-05-28 14:12:33	(null)	2019-05-31 14:21:28	2	0
54	1	(null)	23	1	60	2019-05-28 14:12:33	(null)	2019-05-31 14:21:28	2	0
55	1	(null)	24	1	60	2019-05-28 14:12:33	(null)	2019-05-31 14:21:28	2	0
58	1	(null)	26	1	60	2019-05-28 14:12:33	(null)	2019-05-31 14:21:28	3	0
60	1	(null)	15	1	61	2019-05-28 14:14:29	(null)	2019-05-31 14:21:28	1	0
61	1	(null)	16	1	61	2019-05-28 14:14:29	(null)	2019-05-31 14:21:28	1	0
62	1	(null)	17	1	61	2019-05-28 14:14:29	(null)	2019-05-31 14:21:28	1	0
64	1	(null)	27	1	61	2019-05-28 14:14:29	(null)	2019-05-31 14:21:28	1	0
65	1	(null)	19	1	61	2019-05-28 14:14:29	(null)	2019-05-31 14:21:28	1	0
66	1	(null)	20	1	61	2019-05-28 14:14:29	(null)	2019-05-31 14:21:28	1	0
67	1	(null)	22	1	61	2019-05-28 14:14:29	(null)	2019-05-31 14:21:28	2	0
68	1	(null)	23	1	61	2019-05-28 14:14:29	(null)	2019-05-31 14:21:28	2	0
69	1	(null)	24	1	61	2019-05-28 14:14:29	(null)	2019-05-31 14:21:28	2	0
70	1	(null)	21	1	61	2019-05-28 14:14:29	(null)	2019-05-31 14:21:28	2	0
71	1	(null)	25	1	61	2019-05-28 14:14:29	(null)	2019-05-31 14:21:28	3	0
72	1	(null)	26	1	61	2019-05-28 14:14:29	(null)	2019-05-31 14:21:28	3	0
27	1	0	14	1	(null)	2019-05-22 11:28:55	0	2019-05-31 14:21:28	1	0
28	1	0	15	1	(null)	2019-05-22 11:28:55	0	2019-05-31 14:21:28	1	0
81	1	(null)	22	1	62	2019-05-28 14:15:18	(null)	2019-05-31 14:21:28	2	0
82	1	(null)	23	1	62	2019-05-28 14:15:18	(null)	2019-05-31 14:21:28	2	0
83	1	(null)	24	1	62	2019-05-28 14:15:18	(null)	2019-05-31 14:21:28	2	0
84	1	(null)	21	1	62	2019-05-28 14:15:18	(null)	2019-05-31 14:21:28	2	0
85	1	(null)	25	1	62	2019-05-28 14:15:18	(null)	2019-05-31 14:21:28	3	0
86	1	(null)	26	1	62	2019-05-28 14:15:18	(null)	2019-05-31 14:21:28	3	0
23	1	0	14	1	63	2019-05-21 12:56:04	2	2019-05-31 14:21:28	1	0
26	1	0	15	1	63	2019-05-22 11:28:02	0	2019-05-31 14:21:28	1	0
89	1	(null)	16	1	63	2019-05-28 14:16:14	(null)	2019-05-31 14:21:28	1	0
90	1	(null)	17	1	63	2019-05-28 14:16:14	(null)	2019-05-31 14:21:28	1	0
92	1	(null)	27	1	63	2019-05-28 14:16:14	(null)	2019-05-31 14:21:28	1	0
93	1	(null)	19	1	63	2019-05-28 14:16:14	(null)	2019-05-31 14:21:28	1	0
94	1	(null)	20	1	63	2019-05-28 14:16:14	(null)	2019-05-31 14:21:28	1	0
96	1	(null)	23	1	63	2019-05-28 14:16:14	(null)	2019-05-31 14:21:28	2	0
97	1	(null)	24	1	63	2019-05-28 14:16:14	(null)	2019-05-31 14:21:28	2	0
100	1	(null)	26	1	63	2019-05-28 14:16:14	(null)	2019-05-31 14:21:28	3	0
21	1	0	14	1	(null)	2019-05-21 12:52:54	1	2019-05-31 14:21:28	1	0
22	1	0	15	1	(null)	2019-05-21 12:52:54	5	2019-05-31 14:21:28	1	0
91	1	(null)	18	1	63	2019-05-28 14:16:14	1	2019-05-31 14:21:28	1	0
95	1	(null)	22	1	63	2019-05-28 14:16:14	0	2019-05-31 14:21:28	2	0
77	1	(null)	18	1	62	2019-05-28 14:15:18	1	2019-05-31 14:21:28	1	0
104	1	(null)	17	1	64	2019-05-29 06:34:02	(null)	2019-05-31 14:21:28	1	0
105	1	(null)	18	1	64	2019-05-29 06:34:02	(null)	2019-05-31 14:21:28	1	0
112	1	(null)	21	1	64	2019-05-29 06:34:02	(null)	2019-05-31 14:21:28	2	0
113	1	(null)	25	1	64	2019-05-29 06:34:02	(null)	2019-05-31 14:21:28	3	0
114	1	(null)	26	1	64	2019-05-29 06:34:02	(null)	2019-05-31 14:21:28	3	0
118	1	(null)	17	1	65	2019-05-29 08:15:19	(null)	2019-05-31 14:21:28	1	0
119	1	(null)	18	1	65	2019-05-29 08:15:19	(null)	2019-05-31 14:21:28	1	0
120	1	(null)	27	1	65	2019-05-29 08:15:19	(null)	2019-05-31 14:21:28	1	0
121	1	(null)	19	1	65	2019-05-29 08:15:19	(null)	2019-05-31 14:21:28	1	0
122	1	(null)	20	1	65	2019-05-29 08:15:19	(null)	2019-05-31 14:21:28	1	0
123	1	(null)	22	1	65	2019-05-29 08:15:19	(null)	2019-05-31 14:21:28	2	0
124	1	(null)	23	1	65	2019-05-29 08:15:19	(null)	2019-05-31 14:21:28	2	0
125	1	(null)	24	1	65	2019-05-29 08:15:19	(null)	2019-05-31 14:21:28	2	0
126	1	(null)	21	1	65	2019-05-29 08:15:19	(null)	2019-05-31 14:21:28	2	0
127	1	(null)	25	1	65	2019-05-29 08:15:19	(null)	2019-05-31 14:21:28	3	0
128	1	(null)	26	1	65	2019-05-29 08:15:19	(null)	2019-05-31 14:21:28	3	0
116	1	(null)	15	1	65	2019-05-29 08:15:19	4	2019-05-31 14:21:28	1	0
117	1	(null)	16	1	65	2019-05-29 08:15:19	3	2019-05-31 14:21:28	1	0
132	1	(null)	17	1	66	2019-05-29 08:17:39	(null)	2019-05-31 14:21:28	1	0
133	1	(null)	18	1	66	2019-05-29 08:17:39	(null)	2019-05-31 14:21:28	1	0
134	1	(null)	27	1	66	2019-05-29 08:17:39	(null)	2019-05-31 14:21:28	1	0
135	1	(null)	19	1	66	2019-05-29 08:17:39	(null)	2019-05-31 14:21:28	1	0
136	1	(null)	20	1	66	2019-05-29 08:17:39	(null)	2019-05-31 14:21:28	1	0
137	1	(null)	22	1	66	2019-05-29 08:17:39	(null)	2019-05-31 14:21:28	2	0
138	1	(null)	23	1	66	2019-05-29 08:17:39	(null)	2019-05-31 14:21:28	2	0
139	1	(null)	24	1	66	2019-05-29 08:17:39	(null)	2019-05-31 14:21:28	2	0
140	1	(null)	21	1	66	2019-05-29 08:17:39	(null)	2019-05-31 14:21:28	2	0
141	1	(null)	25	1	66	2019-05-29 08:17:39	(null)	2019-05-31 14:21:28	3	0
142	1	(null)	26	1	66	2019-05-29 08:17:39	(null)	2019-05-31 14:21:28	3	0
131	1	(null)	16	1	66	2019-05-29 08:17:39	1	2019-05-31 14:21:28	1	0
167	1	10	24	1	(null)	2019-06-03 13:25:20	(null)	2019-06-06 06:01:51	2	0
168	1	10	21	1	(null)	2019-06-03 13:25:20	(null)	2019-06-06 06:01:51	2	0
169	1	10	25	1	(null)	2019-06-03 13:25:20	(null)	2019-06-06 06:01:51	3	0
170	1	10	26	1	(null)	2019-06-03 13:25:20	(null)	2019-06-06 06:01:51	3	0
552	1	(null)	16	1	96	2019-06-17 14:35:26	(null)	2019-06-17 14:35:26	1	0
553	1	(null)	17	1	96	2019-06-17 14:35:26	(null)	2019-06-17 14:35:26	1	0
554	1	(null)	18	1	96	2019-06-17 14:35:26	(null)	2019-06-17 14:35:26	1	0
555	1	(null)	27	1	96	2019-06-17 14:35:26	(null)	2019-06-17 14:35:26	1	0
556	1	(null)	19	1	96	2019-06-17 14:35:26	(null)	2019-06-17 14:35:26	1	0
557	1	(null)	20	1	96	2019-06-17 14:35:26	(null)	2019-06-17 14:35:26	1	0
558	1	(null)	22	1	96	2019-06-17 14:35:26	(null)	2019-06-17 14:35:26	2	0
559	1	(null)	23	1	96	2019-06-17 14:35:26	(null)	2019-06-17 14:35:26	2	0
560	1	(null)	24	1	96	2019-06-17 14:35:26	(null)	2019-06-17 14:35:26	2	0
561	1	(null)	21	1	96	2019-06-17 14:35:26	(null)	2019-06-17 14:35:26	2	0
562	1	(null)	25	1	96	2019-06-17 14:35:26	(null)	2019-06-17 14:35:26	3	0
563	1	(null)	26	1	96	2019-06-17 14:35:26	(null)	2019-06-17 14:35:26	3	0
227	1	(null)	14	1	(null)	2019-06-11 08:58:18	(null)	2019-06-11 08:58:18	1	0
228	1	(null)	15	1	(null)	2019-06-11 08:58:18	(null)	2019-06-11 08:58:18	1	0
229	1	(null)	16	1	(null)	2019-06-11 08:58:18	(null)	2019-06-11 08:58:18	1	0
230	1	(null)	17	1	(null)	2019-06-11 08:58:18	(null)	2019-06-11 08:58:18	1	0
231	1	(null)	18	1	(null)	2019-06-11 08:58:18	(null)	2019-06-11 08:58:18	1	0
241	1	(null)	14	1	(null)	2019-06-11 08:59:00	(null)	2019-06-11 08:59:00	1	0
242	1	(null)	15	1	(null)	2019-06-11 08:59:00	(null)	2019-06-11 08:59:00	1	0
243	1	(null)	16	1	(null)	2019-06-11 08:59:00	(null)	2019-06-11 08:59:00	1	0
244	1	(null)	17	1	(null)	2019-06-11 08:59:00	(null)	2019-06-11 08:59:00	1	0
245	1	(null)	18	1	(null)	2019-06-11 08:59:00	(null)	2019-06-11 08:59:00	1	0
246	1	(null)	27	1	(null)	2019-06-11 08:59:00	(null)	2019-06-11 08:59:00	1	0
247	1	(null)	19	1	(null)	2019-06-11 08:59:00	(null)	2019-06-11 08:59:00	1	0
248	1	(null)	20	1	(null)	2019-06-11 08:59:00	(null)	2019-06-11 08:59:00	1	0
249	1	(null)	22	1	(null)	2019-06-11 08:59:00	(null)	2019-06-11 08:59:00	2	0
250	1	(null)	23	1	(null)	2019-06-11 08:59:00	(null)	2019-06-11 08:59:00	2	0
251	1	(null)	24	1	(null)	2019-06-11 08:59:00	(null)	2019-06-11 08:59:00	2	0
252	1	(null)	21	1	(null)	2019-06-11 08:59:00	(null)	2019-06-11 08:59:00	2	0
253	1	(null)	25	1	(null)	2019-06-11 08:59:00	(null)	2019-06-11 08:59:00	3	0
254	1	(null)	26	1	(null)	2019-06-11 08:59:00	(null)	2019-06-11 08:59:00	3	0
205	1	(null)	19	1	(null)	2019-06-06 06:53:24	4	2019-06-06 06:54:38	1	0
207	1	5	22	1	(null)	2019-06-06 06:53:24	(null)	2019-06-06 06:54:38	2	0
190	1	(null)	27	1	(null)	2019-06-06 06:50:26	(null)	2019-06-06 06:50:26	1	0
191	1	(null)	19	1	(null)	2019-06-06 06:50:26	(null)	2019-06-06 06:50:26	1	0
192	1	(null)	20	1	(null)	2019-06-06 06:50:26	(null)	2019-06-06 06:50:26	1	0
193	1	(null)	22	1	(null)	2019-06-06 06:50:26	(null)	2019-06-06 06:50:26	2	0
194	1	(null)	23	1	(null)	2019-06-06 06:50:26	(null)	2019-06-06 06:50:26	2	0
195	1	(null)	24	1	(null)	2019-06-06 06:50:26	(null)	2019-06-06 06:50:26	2	0
196	1	(null)	21	1	(null)	2019-06-06 06:50:26	(null)	2019-06-06 06:50:26	2	0
197	1	(null)	25	1	(null)	2019-06-06 06:50:26	(null)	2019-06-06 06:50:26	3	0
198	1	(null)	26	1	(null)	2019-06-06 06:50:26	(null)	2019-06-06 06:50:26	3	0
185	1	10	14	1	(null)	2019-06-06 06:50:26	(null)	2019-06-06 06:51:36	1	0
186	1	5	15	1	(null)	2019-06-06 06:50:26	(null)	2019-06-06 06:51:36	1	0
189	1	30	18	1	(null)	2019-06-06 06:50:26	(null)	2019-06-06 06:51:36	1	0
269	1	(null)	14	1	76	2019-06-11 11:18:18	8	2019-06-11 11:19:12	1	0
270	1	8	15	1	76	2019-06-11 11:18:18	(null)	2019-06-11 11:19:12	1	0
271	1	10	16	1	76	2019-06-11 11:18:18	10	2019-06-11 11:19:12	1	0
572	1	(null)	22	1	97	2019-06-17 14:35:26	(null)	2019-06-17 14:35:26	2	12
564	1	(null)	14	1	97	2019-06-17 14:35:26	(null)	2019-06-17 14:35:26	1	0
565	1	(null)	15	1	97	2019-06-17 14:35:26	(null)	2019-06-17 14:35:26	1	0
566	1	(null)	16	1	97	2019-06-17 14:35:26	(null)	2019-06-17 14:35:26	1	0
567	1	(null)	17	1	97	2019-06-17 14:35:26	(null)	2019-06-17 14:35:26	1	0
568	1	(null)	18	1	97	2019-06-17 14:35:26	(null)	2019-06-17 14:35:26	1	0
569	1	(null)	27	1	97	2019-06-17 14:35:26	(null)	2019-06-17 14:35:26	1	0
570	1	(null)	19	1	97	2019-06-17 14:35:26	(null)	2019-06-17 14:35:26	1	0
571	1	(null)	20	1	97	2019-06-17 14:35:26	(null)	2019-06-17 14:35:26	1	0
573	1	(null)	23	1	97	2019-06-17 14:35:26	(null)	2019-06-17 14:35:26	2	0
259	1	(null)	18	1	(null)	2019-06-11 11:12:13	(null)	2019-06-11 11:12:13	1	0
265	1	(null)	24	1	(null)	2019-06-11 11:12:13	(null)	2019-06-11 11:12:13	2	0
267	1	(null)	25	1	(null)	2019-06-11 11:12:13	(null)	2019-06-11 11:12:13	3	0
255	1	1	14	1	(null)	2019-06-11 11:12:13	4	2019-06-11 11:13:01	1	0
256	1	(null)	15	1	(null)	2019-06-11 11:12:13	2	2019-06-11 11:13:01	1	0
257	1	5	16	1	(null)	2019-06-11 11:12:13	(null)	2019-06-11 11:13:01	1	0
258	1	5	17	1	(null)	2019-06-11 11:12:13	5	2019-06-11 11:13:01	1	0
260	1	(null)	27	1	(null)	2019-06-11 11:12:13	8	2019-06-11 11:13:01	1	0
261	1	5	19	1	(null)	2019-06-11 11:12:13	(null)	2019-06-11 11:13:01	1	0
262	1	(null)	20	1	(null)	2019-06-11 11:12:13	4	2019-06-11 11:13:01	1	0
263	1	(null)	22	1	(null)	2019-06-11 11:12:13	6	2019-06-11 11:13:01	2	0
264	1	4	23	1	(null)	2019-06-11 11:12:13	8	2019-06-11 11:13:01	2	0
266	1	4	21	1	(null)	2019-06-11 11:12:13	8	2019-06-11 11:13:01	2	0
268	1	(null)	26	1	(null)	2019-06-11 11:12:13	4	2019-06-11 11:13:01	3	0
574	1	(null)	24	1	97	2019-06-17 14:35:26	(null)	2019-06-17 14:35:26	2	0
575	1	(null)	21	1	97	2019-06-17 14:35:26	(null)	2019-06-17 14:35:26	2	0
576	1	(null)	25	1	97	2019-06-17 14:35:26	(null)	2019-06-17 14:35:26	3	0
577	1	(null)	26	1	97	2019-06-17 14:35:26	(null)	2019-06-17 14:35:26	3	0
578	1	(null)	14	1	98	2019-06-17 14:35:26	(null)	2019-06-17 14:35:26	1	0
579	1	(null)	15	1	98	2019-06-17 14:35:26	(null)	2019-06-17 14:35:26	1	0
580	1	(null)	16	1	98	2019-06-17 14:35:26	(null)	2019-06-17 14:35:26	1	0
581	1	(null)	17	1	98	2019-06-17 14:35:26	(null)	2019-06-17 14:35:26	1	0
582	1	(null)	18	1	98	2019-06-17 14:35:26	(null)	2019-06-17 14:35:26	1	0
583	1	(null)	27	1	98	2019-06-17 14:35:26	(null)	2019-06-17 14:35:26	1	0
584	1	(null)	19	1	98	2019-06-17 14:35:26	(null)	2019-06-17 14:35:26	1	0
585	1	(null)	20	1	98	2019-06-17 14:35:26	(null)	2019-06-17 14:35:26	1	0
586	1	(null)	22	1	98	2019-06-17 14:35:26	(null)	2019-06-17 14:35:26	2	0
587	1	(null)	23	1	98	2019-06-17 14:35:26	(null)	2019-06-17 14:35:26	2	0
588	1	(null)	24	1	98	2019-06-17 14:35:26	(null)	2019-06-17 14:35:26	2	0
589	1	(null)	21	1	98	2019-06-17 14:35:26	(null)	2019-06-17 14:35:26	2	0
312	1	20	14	1	79	2019-06-11 11:29:43	(null)	2019-06-11 11:30:54	1	0
313	1	2	15	1	79	2019-06-11 11:29:43	5	2019-06-11 11:30:54	1	0
301	1	(null)	17	1	78	2019-06-11 11:25:02	(null)	2019-06-11 11:25:02	1	0
314	1	5	16	1	79	2019-06-11 11:29:43	(null)	2019-06-11 11:30:54	1	0
303	1	(null)	27	1	78	2019-06-11 11:25:02	(null)	2019-06-11 11:25:02	1	0
277	1	(null)	22	1	76	2019-06-11 11:18:18	(null)	2019-06-11 11:18:18	2	0
315	1	5	17	1	79	2019-06-11 11:29:43	(null)	2019-06-11 11:30:54	1	0
279	1	(null)	24	1	76	2019-06-11 11:18:18	(null)	2019-06-11 11:18:18	2	0
305	1	(null)	20	1	78	2019-06-11 11:25:02	(null)	2019-06-11 11:25:02	1	0
316	1	5	18	1	79	2019-06-11 11:29:43	1	2019-06-11 11:30:54	1	0
318	1	10	19	1	79	2019-06-11 11:29:43	(null)	2019-06-11 11:30:54	1	0
272	1	5	17	1	76	2019-06-11 11:18:18	(null)	2019-06-11 11:19:12	1	0
273	1	(null)	18	1	76	2019-06-11 11:18:18	5	2019-06-11 11:19:12	1	0
274	1	8	27	1	76	2019-06-11 11:18:18	9	2019-06-11 11:19:12	1	0
275	1	(null)	19	1	76	2019-06-11 11:18:18	4	2019-06-11 11:19:12	1	0
276	1	7	20	1	76	2019-06-11 11:18:18	8	2019-06-11 11:19:12	1	0
278	1	6	23	1	76	2019-06-11 11:18:18	9	2019-06-11 11:19:12	2	0
280	1	(null)	21	1	76	2019-06-11 11:18:18	12	2019-06-11 11:19:12	2	0
281	1	0	25	1	76	2019-06-11 11:18:18	(null)	2019-06-11 11:19:12	3	0
282	1	(null)	26	1	76	2019-06-11 11:18:18	5	2019-06-11 11:19:12	3	0
590	1	(null)	25	1	98	2019-06-17 14:35:26	(null)	2019-06-17 14:35:26	3	0
308	1	(null)	24	1	78	2019-06-11 11:25:02	(null)	2019-06-11 11:25:02	2	0
309	1	(null)	21	1	78	2019-06-11 11:25:02	(null)	2019-06-11 11:25:02	2	0
320	1	(null)	22	1	79	2019-06-11 11:29:43	5	2019-06-11 11:30:54	2	12
311	1	(null)	26	1	78	2019-06-11 11:25:02	(null)	2019-06-11 11:25:02	3	0
298	1	15	14	1	78	2019-06-11 11:25:02	(null)	2019-06-11 11:28:58	1	2
299	1	10	15	1	78	2019-06-11 11:25:02	(null)	2019-06-11 11:28:58	1	1
300	1	4	16	1	78	2019-06-11 11:25:02	(null)	2019-06-11 11:28:58	1	0
302	1	9	18	1	78	2019-06-11 11:25:02	(null)	2019-06-11 11:28:58	1	0
304	1	8	19	1	78	2019-06-11 11:25:02	(null)	2019-06-11 11:28:58	1	0
292	1	(null)	23	1	77	2019-06-11 11:20:04	(null)	2019-06-11 11:20:04	2	9
306	1	10	22	1	78	2019-06-11 11:25:02	12	2019-06-11 11:28:58	2	0
307	1	7	23	1	78	2019-06-11 11:25:02	(null)	2019-06-11 11:28:58	2	0
310	1	5	25	1	78	2019-06-11 11:25:02	(null)	2019-06-11 11:28:58	3	0
296	1	(null)	26	1	77	2019-06-11 11:20:04	(null)	2019-06-11 11:20:04	3	5
283	1	10	14	1	77	2019-06-11 11:20:04	(null)	2019-06-11 11:24:22	1	8
284	1	4	15	1	77	2019-06-11 11:20:04	2	2019-06-11 11:24:22	1	0
285	1	15	16	1	77	2019-06-11 11:20:04	(null)	2019-06-11 11:24:22	1	10
286	1	(null)	17	1	77	2019-06-11 11:20:04	5	2019-06-11 11:24:22	1	0
287	1	10	18	1	77	2019-06-11 11:20:04	(null)	2019-06-11 11:24:22	1	5
288	1	5	27	1	77	2019-06-11 11:20:04	10	2019-06-11 11:24:22	1	9
289	1	8	19	1	77	2019-06-11 11:20:04	(null)	2019-06-11 11:24:22	1	4
290	1	7	20	1	77	2019-06-11 11:20:04	5	2019-06-11 11:24:22	1	8
291	1	8	22	1	77	2019-06-11 11:20:04	(null)	2019-06-11 11:24:22	2	0
294	1	10	21	1	77	2019-06-11 11:20:04	(null)	2019-06-11 11:24:22	2	12
295	1	4	25	1	77	2019-06-11 11:20:04	(null)	2019-06-11 11:24:22	3	0
297	1	0	24	1	77	2019-06-11 11:24:22	0	2019-06-11 11:24:22	2	0
321	1	10	23	1	79	2019-06-11 11:29:43	1	2019-06-11 11:30:54	2	0
317	1	(null)	27	1	79	2019-06-11 11:29:43	(null)	2019-06-11 11:29:43	1	0
319	1	(null)	20	1	79	2019-06-11 11:29:43	(null)	2019-06-11 11:29:43	1	0
322	1	(null)	24	1	79	2019-06-11 11:29:43	(null)	2019-06-11 11:29:43	2	0
323	1	(null)	21	1	79	2019-06-11 11:29:43	(null)	2019-06-11 11:29:43	2	0
325	1	(null)	26	1	79	2019-06-11 11:29:43	(null)	2019-06-11 11:29:43	3	0
324	1	1	25	1	79	2019-06-11 11:29:43	(null)	2019-06-11 11:30:54	3	0
326	1	(null)	14	1	80	2019-06-11 11:31:51	(null)	2019-06-11 11:31:51	1	0
327	1	(null)	15	1	80	2019-06-11 11:31:51	(null)	2019-06-11 11:31:51	1	0
328	1	(null)	16	1	80	2019-06-11 11:31:51	(null)	2019-06-11 11:31:51	1	0
329	1	(null)	17	1	80	2019-06-11 11:31:51	(null)	2019-06-11 11:31:51	1	0
330	1	(null)	18	1	80	2019-06-11 11:31:51	(null)	2019-06-11 11:31:51	1	0
331	1	(null)	27	1	80	2019-06-11 11:31:51	(null)	2019-06-11 11:31:51	1	0
332	1	(null)	19	1	80	2019-06-11 11:31:51	(null)	2019-06-11 11:31:51	1	0
333	1	(null)	20	1	80	2019-06-11 11:31:51	(null)	2019-06-11 11:31:51	1	0
334	1	(null)	22	1	80	2019-06-11 11:31:51	(null)	2019-06-11 11:31:51	2	0
335	1	(null)	23	1	80	2019-06-11 11:31:51	(null)	2019-06-11 11:31:51	2	0
336	1	(null)	24	1	80	2019-06-11 11:31:51	(null)	2019-06-11 11:31:51	2	0
337	1	(null)	21	1	80	2019-06-11 11:31:51	(null)	2019-06-11 11:31:51	2	0
338	1	(null)	25	1	80	2019-06-11 11:31:51	(null)	2019-06-11 11:31:51	3	0
339	1	(null)	26	1	80	2019-06-11 11:31:51	(null)	2019-06-11 11:31:51	3	0
591	1	(null)	26	1	98	2019-06-17 14:35:26	(null)	2019-06-17 14:35:26	3	0
349	1	(null)	23	1	81	2019-06-11 11:32:20	(null)	2019-06-11 11:32:20	2	0
351	1	(null)	21	1	81	2019-06-11 11:32:20	(null)	2019-06-11 11:32:20	2	0
340	1	10	14	1	81	2019-06-11 11:32:20	(null)	2019-06-11 11:33:04	1	2
341	1	5	15	1	81	2019-06-11 11:32:20	(null)	2019-06-11 11:33:04	1	0
342	1	10	16	1	81	2019-06-11 11:32:20	(null)	2019-06-11 11:33:04	1	0
343	1	8	17	1	81	2019-06-11 11:32:20	(null)	2019-06-11 11:33:04	1	0
344	1	7	18	1	81	2019-06-11 11:32:20	(null)	2019-06-11 11:33:04	1	1
345	1	2	27	1	81	2019-06-11 11:32:20	(null)	2019-06-11 11:33:04	1	0
346	1	15	19	1	81	2019-06-11 11:32:20	(null)	2019-06-11 11:33:04	1	0
347	1	12	20	1	81	2019-06-11 11:32:20	(null)	2019-06-11 11:33:04	1	0
348	1	20	22	1	81	2019-06-11 11:32:20	(null)	2019-06-11 11:33:04	2	0
350	1	5	24	1	81	2019-06-11 11:32:20	(null)	2019-06-11 11:33:04	2	0
353	1	(null)	26	1	81	2019-06-11 11:32:20	(null)	2019-06-11 11:32:20	3	0
352	1	(null)	25	1	81	2019-06-11 11:32:20	10	2019-06-11 11:33:04	3	0
399	1	(null)	17	1	(null)	2019-06-11 12:52:52	(null)	2019-06-11 12:52:52	1	5
403	1	(null)	20	1	(null)	2019-06-11 12:52:52	(null)	2019-06-11 12:52:52	1	5
397	1	(null)	15	1	(null)	2019-06-11 12:52:52	(null)	2019-06-11 12:52:52	1	2
401	1	(null)	27	1	(null)	2019-06-11 12:52:52	(null)	2019-06-11 12:52:52	1	10
396	1	(null)	14	1	(null)	2019-06-11 12:52:52	(null)	2019-06-11 12:52:52	1	0
359	1	(null)	27	1	82	2019-06-11 11:34:07	(null)	2019-06-11 11:34:07	1	0
361	1	(null)	20	1	82	2019-06-11 11:34:07	(null)	2019-06-11 11:34:07	1	0
398	1	(null)	16	1	(null)	2019-06-11 12:52:52	(null)	2019-06-11 12:52:52	1	0
363	1	(null)	23	1	82	2019-06-11 11:34:07	(null)	2019-06-11 11:34:07	2	0
365	1	(null)	21	1	82	2019-06-11 11:34:07	(null)	2019-06-11 11:34:07	2	0
367	1	(null)	26	1	82	2019-06-11 11:34:07	(null)	2019-06-11 11:34:07	3	0
354	1	15	14	1	82	2019-06-11 11:34:07	(null)	2019-06-11 11:35:49	1	0
355	1	(null)	15	1	82	2019-06-11 11:34:07	5	2019-06-11 11:35:49	1	0
356	1	2	16	1	82	2019-06-11 11:34:07	8	2019-06-11 11:35:49	1	0
357	1	10	17	1	82	2019-06-11 11:34:07	5	2019-06-11 11:35:49	1	0
358	1	(null)	18	1	82	2019-06-11 11:34:07	7	2019-06-11 11:35:49	1	0
360	1	3	19	1	82	2019-06-11 11:34:07	12	2019-06-11 11:35:49	1	0
362	1	10	22	1	82	2019-06-11 11:34:07	10	2019-06-11 11:35:49	2	0
364	1	5	24	1	82	2019-06-11 11:34:07	4	2019-06-11 11:35:49	2	0
366	1	(null)	25	1	82	2019-06-11 11:34:07	2	2019-06-11 11:35:49	3	10
376	1	(null)	22	1	83	2019-06-11 11:36:22	(null)	2019-06-11 11:36:22	2	10
373	1	(null)	27	1	83	2019-06-11 11:36:22	(null)	2019-06-11 11:36:22	1	0
375	1	(null)	20	1	83	2019-06-11 11:36:22	(null)	2019-06-11 11:36:22	1	0
377	1	(null)	23	1	83	2019-06-11 11:36:22	(null)	2019-06-11 11:36:22	2	0
379	1	(null)	21	1	83	2019-06-11 11:36:22	(null)	2019-06-11 11:36:22	2	0
381	1	(null)	26	1	83	2019-06-11 11:36:22	(null)	2019-06-11 11:36:22	3	0
372	1	(null)	18	1	83	2019-06-11 11:36:22	(null)	2019-06-11 11:36:22	1	7
374	1	(null)	19	1	83	2019-06-11 11:36:22	(null)	2019-06-11 11:36:22	1	12
370	1	(null)	16	1	83	2019-06-11 11:36:22	(null)	2019-06-11 11:36:22	1	8
369	1	(null)	15	1	83	2019-06-11 11:36:22	(null)	2019-06-11 11:36:22	1	5
368	1	15	14	1	83	2019-06-11 11:36:22	(null)	2019-06-11 11:36:56	1	0
371	1	15	17	1	83	2019-06-11 11:36:22	(null)	2019-06-11 11:36:56	1	5
378	1	5	24	1	83	2019-06-11 11:36:22	4	2019-06-11 11:36:56	2	4
380	1	2	25	1	83	2019-06-11 11:36:22	(null)	2019-06-11 11:36:56	3	2
400	1	(null)	18	1	(null)	2019-06-11 12:52:52	(null)	2019-06-11 12:52:52	1	0
418	1	(null)	22	1	86	2019-06-13 07:36:12	(null)	2019-06-13 07:36:12	2	12
410	1	(null)	14	1	86	2019-06-13 07:36:12	(null)	2019-06-13 07:36:12	1	0
411	1	(null)	15	1	86	2019-06-13 07:36:12	(null)	2019-06-13 07:36:12	1	0
412	1	(null)	16	1	86	2019-06-13 07:36:12	(null)	2019-06-13 07:36:12	1	0
413	1	(null)	17	1	86	2019-06-13 07:36:12	(null)	2019-06-13 07:36:12	1	0
414	1	(null)	18	1	86	2019-06-13 07:36:12	(null)	2019-06-13 07:36:12	1	0
415	1	(null)	27	1	86	2019-06-13 07:36:12	(null)	2019-06-13 07:36:12	1	0
416	1	(null)	19	1	86	2019-06-13 07:36:12	(null)	2019-06-13 07:36:12	1	0
417	1	(null)	20	1	86	2019-06-13 07:36:12	(null)	2019-06-13 07:36:12	1	0
419	1	(null)	23	1	86	2019-06-13 07:36:12	(null)	2019-06-13 07:36:12	2	0
420	1	(null)	24	1	86	2019-06-13 07:36:12	(null)	2019-06-13 07:36:12	2	0
421	1	(null)	21	1	86	2019-06-13 07:36:12	(null)	2019-06-13 07:36:12	2	0
422	1	(null)	25	1	86	2019-06-13 07:36:12	(null)	2019-06-13 07:36:12	3	0
423	1	(null)	26	1	86	2019-06-13 07:36:12	(null)	2019-06-13 07:36:12	3	0
402	1	(null)	19	1	(null)	2019-06-11 12:52:52	(null)	2019-06-11 12:52:52	1	0
404	1	(null)	22	1	(null)	2019-06-11 12:52:52	(null)	2019-06-11 12:52:52	2	0
405	1	(null)	23	1	(null)	2019-06-11 12:52:52	(null)	2019-06-11 12:52:52	2	0
406	1	(null)	24	1	(null)	2019-06-11 12:52:52	(null)	2019-06-11 12:52:52	2	0
407	1	(null)	21	1	(null)	2019-06-11 12:52:52	(null)	2019-06-11 12:52:52	2	0
408	1	(null)	25	1	(null)	2019-06-11 12:52:52	(null)	2019-06-11 12:52:52	3	0
409	1	(null)	26	1	(null)	2019-06-11 12:52:52	(null)	2019-06-11 12:52:52	3	0
386	1	(null)	18	1	(null)	2019-06-11 11:38:26	(null)	2019-06-11 11:38:26	1	1
388	1	(null)	19	1	(null)	2019-06-11 11:38:26	(null)	2019-06-11 11:38:26	1	0
392	1	(null)	24	1	(null)	2019-06-11 11:38:26	(null)	2019-06-11 11:38:26	2	0
393	1	(null)	21	1	(null)	2019-06-11 11:38:26	(null)	2019-06-11 11:38:26	2	0
394	1	(null)	25	1	(null)	2019-06-11 11:38:26	(null)	2019-06-11 11:38:26	3	0
395	1	(null)	26	1	(null)	2019-06-11 11:38:26	(null)	2019-06-11 11:38:26	3	0
382	1	25	14	1	(null)	2019-06-11 11:38:26	1	2019-06-11 11:39:39	1	0
390	1	(null)	22	1	(null)	2019-06-11 11:38:26	(null)	2019-06-11 11:38:26	2	5
383	1	20	15	1	(null)	2019-06-11 11:38:26	1	2019-06-11 11:39:39	1	5
384	1	(null)	16	1	(null)	2019-06-11 11:38:26	1	2019-06-11 11:39:39	1	0
385	1	15	17	1	(null)	2019-06-11 11:38:26	(null)	2019-06-11 11:39:39	1	0
387	1	10	27	1	(null)	2019-06-11 11:38:26	(null)	2019-06-11 11:39:39	1	0
389	1	20	20	1	(null)	2019-06-11 11:38:26	(null)	2019-06-11 11:39:39	1	0
391	1	10	23	1	(null)	2019-06-11 11:38:26	4	2019-06-11 11:39:39	2	1
424	1	(null)	14	1	87	2019-06-13 08:02:04	(null)	2019-06-13 08:02:04	1	0
425	1	(null)	15	1	87	2019-06-13 08:02:04	(null)	2019-06-13 08:02:04	1	0
426	1	(null)	16	1	87	2019-06-13 08:02:04	(null)	2019-06-13 08:02:04	1	0
427	1	(null)	17	1	87	2019-06-13 08:02:04	(null)	2019-06-13 08:02:04	1	0
428	1	(null)	18	1	87	2019-06-13 08:02:04	(null)	2019-06-13 08:02:04	1	0
429	1	(null)	27	1	87	2019-06-13 08:02:04	(null)	2019-06-13 08:02:04	1	0
430	1	(null)	19	1	87	2019-06-13 08:02:04	(null)	2019-06-13 08:02:04	1	0
431	1	(null)	20	1	87	2019-06-13 08:02:04	(null)	2019-06-13 08:02:04	1	0
432	1	(null)	22	1	87	2019-06-13 08:02:04	(null)	2019-06-13 08:02:04	2	0
602	1	(null)	24	1	99	2019-06-17 14:35:26	(null)	2019-06-17 14:35:26	2	4
592	1	(null)	14	1	99	2019-06-17 14:35:26	(null)	2019-06-17 14:35:26	1	0
593	1	(null)	15	1	99	2019-06-17 14:35:26	(null)	2019-06-17 14:35:26	1	0
594	1	(null)	16	1	99	2019-06-17 14:35:26	(null)	2019-06-17 14:35:26	1	0
595	1	(null)	17	1	99	2019-06-17 14:35:26	(null)	2019-06-17 14:35:26	1	0
596	1	(null)	18	1	99	2019-06-17 14:35:26	(null)	2019-06-17 14:35:26	1	0
597	1	(null)	27	1	99	2019-06-17 14:35:26	(null)	2019-06-17 14:35:26	1	0
598	1	(null)	19	1	99	2019-06-17 14:35:26	(null)	2019-06-17 14:35:26	1	0
599	1	(null)	20	1	99	2019-06-17 14:35:26	(null)	2019-06-17 14:35:26	1	0
600	1	(null)	22	1	99	2019-06-17 14:35:26	(null)	2019-06-17 14:35:26	2	0
433	1	(null)	23	1	87	2019-06-13 08:02:04	(null)	2019-06-13 08:02:04	2	0
434	1	(null)	24	1	87	2019-06-13 08:02:04	(null)	2019-06-13 08:02:04	2	0
435	1	(null)	21	1	87	2019-06-13 08:02:04	(null)	2019-06-13 08:02:04	2	0
436	1	(null)	25	1	87	2019-06-13 08:02:04	(null)	2019-06-13 08:02:04	3	0
437	1	(null)	26	1	87	2019-06-13 08:02:04	(null)	2019-06-13 08:02:04	3	0
601	1	(null)	23	1	99	2019-06-17 14:35:26	(null)	2019-06-17 14:35:26	2	0
603	1	(null)	21	1	99	2019-06-17 14:35:26	(null)	2019-06-17 14:35:26	2	0
604	1	(null)	25	1	99	2019-06-17 14:35:26	(null)	2019-06-17 14:35:26	3	0
605	1	(null)	26	1	99	2019-06-17 14:35:26	(null)	2019-06-17 14:35:26	3	0
609	1	(null)	17	1	100	2019-06-17 14:35:26	(null)	2019-06-17 14:35:26	1	5
613	1	(null)	20	1	100	2019-06-17 14:35:26	(null)	2019-06-17 14:35:26	1	5
607	1	(null)	15	1	100	2019-06-17 14:35:26	(null)	2019-06-17 14:35:26	1	2
611	1	(null)	27	1	100	2019-06-17 14:35:26	(null)	2019-06-17 14:35:26	1	10
606	1	(null)	14	1	100	2019-06-17 14:35:26	(null)	2019-06-17 14:35:26	1	0
608	1	(null)	16	1	100	2019-06-17 14:35:26	(null)	2019-06-17 14:35:26	1	0
610	1	(null)	18	1	100	2019-06-17 14:35:26	(null)	2019-06-17 14:35:26	1	0
612	1	(null)	19	1	100	2019-06-17 14:35:26	(null)	2019-06-17 14:35:26	1	0
614	1	(null)	22	1	100	2019-06-17 14:35:26	(null)	2019-06-17 14:35:26	2	0
615	1	(null)	23	1	100	2019-06-17 14:35:26	(null)	2019-06-17 14:35:26	2	0
616	1	(null)	24	1	100	2019-06-17 14:35:26	(null)	2019-06-17 14:35:26	2	0
617	1	(null)	21	1	100	2019-06-17 14:35:26	(null)	2019-06-17 14:35:26	2	0
618	1	(null)	25	1	100	2019-06-17 14:35:26	(null)	2019-06-17 14:35:26	3	0
619	1	(null)	26	1	100	2019-06-17 14:35:26	(null)	2019-06-17 14:35:26	3	0
620	1	(null)	14	1	101	2019-06-17 14:35:26	(null)	2019-06-17 14:35:26	1	0
621	1	(null)	15	1	101	2019-06-17 14:35:26	(null)	2019-06-17 14:35:26	1	0
622	1	(null)	16	1	101	2019-06-17 14:35:26	(null)	2019-06-17 14:35:26	1	0
623	1	(null)	17	1	101	2019-06-17 14:35:26	(null)	2019-06-17 14:35:26	1	0
624	1	(null)	18	1	101	2019-06-17 14:35:26	(null)	2019-06-17 14:35:26	1	0
625	1	(null)	27	1	101	2019-06-17 14:35:26	(null)	2019-06-17 14:35:26	1	0
626	1	(null)	19	1	101	2019-06-17 14:35:26	(null)	2019-06-17 14:35:26	1	0
627	1	(null)	20	1	101	2019-06-17 14:35:26	(null)	2019-06-17 14:35:26	1	0
628	1	(null)	22	1	101	2019-06-17 14:35:26	(null)	2019-06-17 14:35:26	2	0
629	1	(null)	23	1	101	2019-06-17 14:35:26	(null)	2019-06-17 14:35:26	2	0
630	1	(null)	24	1	101	2019-06-17 14:35:26	(null)	2019-06-17 14:35:26	2	0
631	1	(null)	21	1	101	2019-06-17 14:35:26	(null)	2019-06-17 14:35:26	2	0
632	1	(null)	25	1	101	2019-06-17 14:35:26	(null)	2019-06-17 14:35:26	3	0
633	1	(null)	26	1	101	2019-06-17 14:35:26	(null)	2019-06-17 14:35:26	3	0
684	1	(null)	22	1	105	2019-06-19 08:13:35	(null)	2019-06-19 08:13:35	2	0
685	1	(null)	23	1	105	2019-06-19 08:13:35	(null)	2019-06-19 08:13:35	2	0
686	1	(null)	24	1	105	2019-06-19 08:13:35	(null)	2019-06-19 08:13:35	2	0
687	1	(null)	21	1	105	2019-06-19 08:13:35	(null)	2019-06-19 08:13:35	2	0
688	1	(null)	25	1	105	2019-06-19 08:13:35	(null)	2019-06-19 08:13:35	3	0
689	1	(null)	26	1	105	2019-06-19 08:13:35	(null)	2019-06-19 08:13:35	3	0
690	1	(null)	14	1	106	2019-06-19 08:13:35	(null)	2019-06-19 08:13:35	1	0
691	1	(null)	15	1	106	2019-06-19 08:13:35	(null)	2019-06-19 08:13:35	1	0
692	1	(null)	16	1	106	2019-06-19 08:13:35	(null)	2019-06-19 08:13:35	1	0
693	1	(null)	17	1	106	2019-06-19 08:13:35	(null)	2019-06-19 08:13:35	1	0
694	1	(null)	18	1	106	2019-06-19 08:13:35	(null)	2019-06-19 08:13:35	1	0
695	1	(null)	27	1	106	2019-06-19 08:13:35	(null)	2019-06-19 08:13:35	1	0
696	1	(null)	19	1	106	2019-06-19 08:13:35	(null)	2019-06-19 08:13:35	1	0
697	1	(null)	20	1	106	2019-06-19 08:13:35	(null)	2019-06-19 08:13:35	1	0
698	1	(null)	22	1	106	2019-06-19 08:13:35	(null)	2019-06-19 08:13:35	2	0
699	1	(null)	23	1	106	2019-06-19 08:13:35	(null)	2019-06-19 08:13:35	2	0
700	1	(null)	24	1	106	2019-06-19 08:13:35	(null)	2019-06-19 08:13:35	2	0
701	1	(null)	21	1	106	2019-06-19 08:13:35	(null)	2019-06-19 08:13:35	2	0
438	1	(null)	14	1	88	2019-06-13 08:07:58	(null)	2019-06-13 08:07:58	1	0
439	1	(null)	15	1	88	2019-06-13 08:07:58	(null)	2019-06-13 08:07:58	1	0
440	1	(null)	16	1	88	2019-06-13 08:07:58	(null)	2019-06-13 08:07:58	1	0
441	1	(null)	17	1	88	2019-06-13 08:07:58	(null)	2019-06-13 08:07:58	1	0
442	1	(null)	18	1	88	2019-06-13 08:07:58	(null)	2019-06-13 08:07:58	1	0
443	1	(null)	27	1	88	2019-06-13 08:07:58	(null)	2019-06-13 08:07:58	1	0
444	1	(null)	19	1	88	2019-06-13 08:07:58	(null)	2019-06-13 08:07:58	1	0
445	1	(null)	20	1	88	2019-06-13 08:07:58	(null)	2019-06-13 08:07:58	1	0
446	1	(null)	22	1	88	2019-06-13 08:07:58	(null)	2019-06-13 08:07:58	2	0
447	1	(null)	23	1	88	2019-06-13 08:07:58	(null)	2019-06-13 08:07:58	2	0
448	1	(null)	24	1	88	2019-06-13 08:07:58	(null)	2019-06-13 08:07:58	2	0
449	1	(null)	21	1	88	2019-06-13 08:07:58	(null)	2019-06-13 08:07:58	2	0
450	1	(null)	25	1	88	2019-06-13 08:07:58	(null)	2019-06-13 08:07:58	3	0
451	1	(null)	26	1	88	2019-06-13 08:07:58	(null)	2019-06-13 08:07:58	3	0
452	1	(null)	14	1	89	2019-06-17 06:39:24	(null)	2019-06-17 06:39:24	1	0
453	1	(null)	15	1	89	2019-06-17 06:39:24	(null)	2019-06-17 06:39:24	1	0
454	1	(null)	16	1	89	2019-06-17 06:39:24	(null)	2019-06-17 06:39:24	1	0
455	1	(null)	17	1	89	2019-06-17 06:39:24	(null)	2019-06-17 06:39:24	1	0
456	1	(null)	18	1	89	2019-06-17 06:39:24	(null)	2019-06-17 06:39:24	1	0
457	1	(null)	27	1	89	2019-06-17 06:39:24	(null)	2019-06-17 06:39:24	1	0
458	1	(null)	19	1	89	2019-06-17 06:39:24	(null)	2019-06-17 06:39:24	1	0
459	1	(null)	20	1	89	2019-06-17 06:39:24	(null)	2019-06-17 06:39:24	1	0
460	1	(null)	22	1	89	2019-06-17 06:39:24	(null)	2019-06-17 06:39:24	2	0
461	1	(null)	23	1	89	2019-06-17 06:39:24	(null)	2019-06-17 06:39:24	2	0
462	1	(null)	24	1	89	2019-06-17 06:39:24	(null)	2019-06-17 06:39:24	2	0
463	1	(null)	21	1	89	2019-06-17 06:39:24	(null)	2019-06-17 06:39:24	2	0
464	1	(null)	25	1	89	2019-06-17 06:39:24	(null)	2019-06-17 06:39:24	3	0
465	1	(null)	26	1	89	2019-06-17 06:39:24	(null)	2019-06-17 06:39:24	3	0
634	1	(null)	14	1	102	2019-06-18 13:06:05	(null)	2019-06-18 13:06:05	1	0
635	1	(null)	15	1	102	2019-06-18 13:06:05	(null)	2019-06-18 13:06:05	1	0
636	1	(null)	16	1	102	2019-06-18 13:06:05	(null)	2019-06-18 13:06:05	1	0
637	1	(null)	17	1	102	2019-06-18 13:06:05	(null)	2019-06-18 13:06:05	1	0
638	1	(null)	18	1	102	2019-06-18 13:06:05	(null)	2019-06-18 13:06:05	1	0
639	1	(null)	27	1	102	2019-06-18 13:06:05	(null)	2019-06-18 13:06:05	1	0
640	1	(null)	19	1	102	2019-06-18 13:06:05	(null)	2019-06-18 13:06:05	1	0
641	1	(null)	20	1	102	2019-06-18 13:06:05	(null)	2019-06-18 13:06:05	1	0
642	1	(null)	22	1	102	2019-06-18 13:06:05	(null)	2019-06-18 13:06:05	2	0
643	1	(null)	23	1	102	2019-06-18 13:06:05	(null)	2019-06-18 13:06:05	2	0
644	1	(null)	24	1	102	2019-06-18 13:06:05	(null)	2019-06-18 13:06:05	2	0
645	1	(null)	21	1	102	2019-06-18 13:06:05	(null)	2019-06-18 13:06:05	2	0
646	1	(null)	25	1	102	2019-06-18 13:06:05	(null)	2019-06-18 13:06:05	3	0
647	1	(null)	26	1	102	2019-06-18 13:06:05	(null)	2019-06-18 13:06:05	3	0
466	1	(null)	14	1	(null)	2019-06-17 14:00:20	(null)	2019-06-17 14:00:20	1	1
467	1	(null)	15	1	(null)	2019-06-17 14:00:20	(null)	2019-06-17 14:00:20	1	0
468	1	(null)	16	1	(null)	2019-06-17 14:00:20	(null)	2019-06-17 14:00:20	1	0
469	1	(null)	17	1	(null)	2019-06-17 14:00:20	(null)	2019-06-17 14:00:20	1	0
470	1	(null)	18	1	(null)	2019-06-17 14:00:20	(null)	2019-06-17 14:00:20	1	0
471	1	(null)	27	1	(null)	2019-06-17 14:00:20	(null)	2019-06-17 14:00:20	1	0
472	1	(null)	19	1	(null)	2019-06-17 14:00:20	(null)	2019-06-17 14:00:20	1	0
473	1	(null)	20	1	(null)	2019-06-17 14:00:20	(null)	2019-06-17 14:00:20	1	0
474	1	(null)	22	1	(null)	2019-06-17 14:00:20	(null)	2019-06-17 14:00:20	2	0
475	1	(null)	23	1	(null)	2019-06-17 14:00:20	(null)	2019-06-17 14:00:20	2	0
476	1	(null)	24	1	(null)	2019-06-17 14:00:20	(null)	2019-06-17 14:00:20	2	0
477	1	(null)	21	1	(null)	2019-06-17 14:00:20	(null)	2019-06-17 14:00:20	2	0
478	1	(null)	25	1	(null)	2019-06-17 14:00:20	(null)	2019-06-17 14:00:20	3	0
479	1	(null)	26	1	(null)	2019-06-17 14:00:20	(null)	2019-06-17 14:00:20	3	0
488	1	(null)	22	1	(null)	2019-06-17 14:00:20	(null)	2019-06-17 14:00:20	2	12
480	1	(null)	14	1	(null)	2019-06-17 14:00:20	(null)	2019-06-17 14:00:20	1	0
481	1	(null)	15	1	(null)	2019-06-17 14:00:20	(null)	2019-06-17 14:00:20	1	0
482	1	(null)	16	1	(null)	2019-06-17 14:00:20	(null)	2019-06-17 14:00:20	1	0
483	1	(null)	17	1	(null)	2019-06-17 14:00:20	(null)	2019-06-17 14:00:20	1	0
484	1	(null)	18	1	(null)	2019-06-17 14:00:20	(null)	2019-06-17 14:00:20	1	0
485	1	(null)	27	1	(null)	2019-06-17 14:00:20	(null)	2019-06-17 14:00:20	1	0
486	1	(null)	19	1	(null)	2019-06-17 14:00:20	(null)	2019-06-17 14:00:20	1	0
487	1	(null)	20	1	(null)	2019-06-17 14:00:20	(null)	2019-06-17 14:00:20	1	0
489	1	(null)	23	1	(null)	2019-06-17 14:00:20	(null)	2019-06-17 14:00:20	2	0
490	1	(null)	24	1	(null)	2019-06-17 14:00:20	(null)	2019-06-17 14:00:20	2	0
491	1	(null)	21	1	(null)	2019-06-17 14:00:20	(null)	2019-06-17 14:00:20	2	0
648	1	(null)	14	1	103	2019-06-19 05:46:01	(null)	2019-06-19 05:46:01	1	0
649	1	(null)	15	1	103	2019-06-19 05:46:01	(null)	2019-06-19 05:46:01	1	0
650	1	(null)	16	1	103	2019-06-19 05:46:01	(null)	2019-06-19 05:46:01	1	0
651	1	(null)	17	1	103	2019-06-19 05:46:01	(null)	2019-06-19 05:46:01	1	0
652	1	(null)	18	1	103	2019-06-19 05:46:01	(null)	2019-06-19 05:46:01	1	0
653	1	(null)	27	1	103	2019-06-19 05:46:01	(null)	2019-06-19 05:46:01	1	0
654	1	(null)	19	1	103	2019-06-19 05:46:01	(null)	2019-06-19 05:46:01	1	0
655	1	(null)	20	1	103	2019-06-19 05:46:01	(null)	2019-06-19 05:46:01	1	0
656	1	(null)	22	1	103	2019-06-19 05:46:01	(null)	2019-06-19 05:46:01	2	0
657	1	(null)	23	1	103	2019-06-19 05:46:01	(null)	2019-06-19 05:46:01	2	0
658	1	(null)	24	1	103	2019-06-19 05:46:01	(null)	2019-06-19 05:46:01	2	0
659	1	(null)	21	1	103	2019-06-19 05:46:01	(null)	2019-06-19 05:46:01	2	0
660	1	(null)	25	1	103	2019-06-19 05:46:01	(null)	2019-06-19 05:46:01	3	0
661	1	(null)	26	1	103	2019-06-19 05:46:01	(null)	2019-06-19 05:46:01	3	0
702	1	(null)	25	1	106	2019-06-19 08:13:35	(null)	2019-06-19 08:13:35	3	0
703	1	(null)	26	1	106	2019-06-19 08:13:35	(null)	2019-06-19 08:13:35	3	0
662	1	(null)	14	1	104	2019-06-19 08:13:35	(null)	2019-06-19 08:13:35	1	0
663	1	(null)	15	1	104	2019-06-19 08:13:35	(null)	2019-06-19 08:13:35	1	0
664	1	(null)	16	1	104	2019-06-19 08:13:35	(null)	2019-06-19 08:13:35	1	0
665	1	(null)	17	1	104	2019-06-19 08:13:35	(null)	2019-06-19 08:13:35	1	0
666	1	(null)	18	1	104	2019-06-19 08:13:35	(null)	2019-06-19 08:13:35	1	0
667	1	(null)	27	1	104	2019-06-19 08:13:35	(null)	2019-06-19 08:13:35	1	0
668	1	(null)	19	1	104	2019-06-19 08:13:35	(null)	2019-06-19 08:13:35	1	0
669	1	(null)	20	1	104	2019-06-19 08:13:35	(null)	2019-06-19 08:13:35	1	0
670	1	(null)	22	1	104	2019-06-19 08:13:35	(null)	2019-06-19 08:13:35	2	0
671	1	(null)	23	1	104	2019-06-19 08:13:35	(null)	2019-06-19 08:13:35	2	0
672	1	(null)	24	1	104	2019-06-19 08:13:35	(null)	2019-06-19 08:13:35	2	0
522	1	(null)	14	1	(null)	2019-06-17 14:00:20	(null)	2019-06-17 14:00:20	1	0
523	1	(null)	15	1	(null)	2019-06-17 14:00:20	(null)	2019-06-17 14:00:20	1	0
524	1	(null)	16	1	(null)	2019-06-17 14:00:20	(null)	2019-06-17 14:00:20	1	0
525	1	(null)	17	1	(null)	2019-06-17 14:00:20	(null)	2019-06-17 14:00:20	1	0
526	1	(null)	18	1	(null)	2019-06-17 14:00:20	(null)	2019-06-17 14:00:20	1	0
527	1	(null)	27	1	(null)	2019-06-17 14:00:20	(null)	2019-06-17 14:00:20	1	0
528	1	(null)	19	1	(null)	2019-06-17 14:00:20	(null)	2019-06-17 14:00:20	1	0
529	1	(null)	20	1	(null)	2019-06-17 14:00:20	(null)	2019-06-17 14:00:20	1	0
530	1	(null)	22	1	(null)	2019-06-17 14:00:20	(null)	2019-06-17 14:00:20	2	0
531	1	(null)	23	1	(null)	2019-06-17 14:00:20	(null)	2019-06-17 14:00:20	2	0
532	1	(null)	24	1	(null)	2019-06-17 14:00:20	(null)	2019-06-17 14:00:20	2	0
533	1	(null)	21	1	(null)	2019-06-17 14:00:20	(null)	2019-06-17 14:00:20	2	0
534	1	(null)	25	1	(null)	2019-06-17 14:00:20	(null)	2019-06-17 14:00:20	3	0
535	1	(null)	26	1	(null)	2019-06-17 14:00:20	(null)	2019-06-17 14:00:20	3	0
492	1	(null)	25	1	(null)	2019-06-17 14:00:20	(null)	2019-06-17 14:00:20	3	0
493	1	(null)	26	1	(null)	2019-06-17 14:00:20	(null)	2019-06-17 14:00:20	3	0
504	1	(null)	24	1	(null)	2019-06-17 14:00:20	(null)	2019-06-17 14:00:20	2	4
494	1	(null)	14	1	(null)	2019-06-17 14:00:20	(null)	2019-06-17 14:00:20	1	0
495	1	(null)	15	1	(null)	2019-06-17 14:00:20	(null)	2019-06-17 14:00:20	1	0
496	1	(null)	16	1	(null)	2019-06-17 14:00:20	(null)	2019-06-17 14:00:20	1	0
497	1	(null)	17	1	(null)	2019-06-17 14:00:20	(null)	2019-06-17 14:00:20	1	0
498	1	(null)	18	1	(null)	2019-06-17 14:00:20	(null)	2019-06-17 14:00:20	1	0
499	1	(null)	27	1	(null)	2019-06-17 14:00:20	(null)	2019-06-17 14:00:20	1	0
500	1	(null)	19	1	(null)	2019-06-17 14:00:20	(null)	2019-06-17 14:00:20	1	0
501	1	(null)	20	1	(null)	2019-06-17 14:00:20	(null)	2019-06-17 14:00:20	1	0
502	1	(null)	22	1	(null)	2019-06-17 14:00:20	(null)	2019-06-17 14:00:20	2	0
503	1	(null)	23	1	(null)	2019-06-17 14:00:20	(null)	2019-06-17 14:00:20	2	0
505	1	(null)	21	1	(null)	2019-06-17 14:00:20	(null)	2019-06-17 14:00:20	2	0
506	1	(null)	25	1	(null)	2019-06-17 14:00:20	(null)	2019-06-17 14:00:20	3	0
507	1	(null)	26	1	(null)	2019-06-17 14:00:20	(null)	2019-06-17 14:00:20	3	0
511	1	(null)	17	1	(null)	2019-06-17 14:00:20	(null)	2019-06-17 14:00:20	1	5
515	1	(null)	20	1	(null)	2019-06-17 14:00:20	(null)	2019-06-17 14:00:20	1	5
509	1	(null)	15	1	(null)	2019-06-17 14:00:20	(null)	2019-06-17 14:00:20	1	2
513	1	(null)	27	1	(null)	2019-06-17 14:00:20	(null)	2019-06-17 14:00:20	1	10
508	1	(null)	14	1	(null)	2019-06-17 14:00:20	(null)	2019-06-17 14:00:20	1	0
510	1	(null)	16	1	(null)	2019-06-17 14:00:20	(null)	2019-06-17 14:00:20	1	0
512	1	(null)	18	1	(null)	2019-06-17 14:00:20	(null)	2019-06-17 14:00:20	1	0
514	1	(null)	19	1	(null)	2019-06-17 14:00:20	(null)	2019-06-17 14:00:20	1	0
516	1	(null)	22	1	(null)	2019-06-17 14:00:20	(null)	2019-06-17 14:00:20	2	0
517	1	(null)	23	1	(null)	2019-06-17 14:00:20	(null)	2019-06-17 14:00:20	2	0
518	1	(null)	24	1	(null)	2019-06-17 14:00:20	(null)	2019-06-17 14:00:20	2	0
519	1	(null)	21	1	(null)	2019-06-17 14:00:20	(null)	2019-06-17 14:00:20	2	0
520	1	(null)	25	1	(null)	2019-06-17 14:00:20	(null)	2019-06-17 14:00:20	3	0
521	1	(null)	26	1	(null)	2019-06-17 14:00:20	(null)	2019-06-17 14:00:20	3	0
704	1	(null)	14	1	107	2019-06-19 08:13:35	(null)	2019-06-19 08:13:35	1	0
705	1	(null)	15	1	107	2019-06-19 08:13:35	(null)	2019-06-19 08:13:35	1	0
706	1	(null)	16	1	107	2019-06-19 08:13:35	(null)	2019-06-19 08:13:35	1	0
707	1	(null)	17	1	107	2019-06-19 08:13:35	(null)	2019-06-19 08:13:35	1	0
708	1	(null)	18	1	107	2019-06-19 08:13:35	(null)	2019-06-19 08:13:35	1	0
709	1	(null)	27	1	107	2019-06-19 08:13:35	(null)	2019-06-19 08:13:35	1	0
710	1	(null)	19	1	107	2019-06-19 08:13:35	(null)	2019-06-19 08:13:35	1	0
711	1	(null)	20	1	107	2019-06-19 08:13:35	(null)	2019-06-19 08:13:35	1	0
712	1	(null)	22	1	107	2019-06-19 08:13:35	(null)	2019-06-19 08:13:35	2	0
713	1	(null)	23	1	107	2019-06-19 08:13:35	(null)	2019-06-19 08:13:35	2	0
714	1	(null)	24	1	107	2019-06-19 08:13:35	(null)	2019-06-19 08:13:35	2	0
715	1	(null)	21	1	107	2019-06-19 08:13:35	(null)	2019-06-19 08:13:35	2	0
716	1	(null)	25	1	107	2019-06-19 08:13:35	(null)	2019-06-19 08:13:35	3	0
717	1	(null)	26	1	107	2019-06-19 08:13:35	(null)	2019-06-19 08:13:35	3	0
728	1	(null)	24	1	108	2019-06-19 08:13:35	(null)	2019-06-19 08:13:35	2	4
718	1	(null)	14	1	108	2019-06-19 08:13:35	(null)	2019-06-19 08:13:35	1	0
719	1	(null)	15	1	108	2019-06-19 08:13:35	(null)	2019-06-19 08:13:35	1	0
720	1	(null)	16	1	108	2019-06-19 08:13:35	(null)	2019-06-19 08:13:35	1	0
721	1	(null)	17	1	108	2019-06-19 08:13:35	(null)	2019-06-19 08:13:35	1	0
722	1	(null)	18	1	108	2019-06-19 08:13:35	(null)	2019-06-19 08:13:35	1	0
723	1	(null)	27	1	108	2019-06-19 08:13:35	(null)	2019-06-19 08:13:35	1	0
724	1	(null)	19	1	108	2019-06-19 08:13:35	(null)	2019-06-19 08:13:35	1	0
725	1	(null)	20	1	108	2019-06-19 08:13:35	(null)	2019-06-19 08:13:35	1	0
726	1	(null)	22	1	108	2019-06-19 08:13:35	(null)	2019-06-19 08:13:35	2	0
727	1	(null)	23	1	108	2019-06-19 08:13:35	(null)	2019-06-19 08:13:35	2	0
729	1	(null)	21	1	108	2019-06-19 08:13:35	(null)	2019-06-19 08:13:35	2	0
730	1	(null)	25	1	108	2019-06-19 08:13:35	(null)	2019-06-19 08:13:35	3	0
731	1	(null)	26	1	108	2019-06-19 08:13:35	(null)	2019-06-19 08:13:35	3	0
732	1	(null)	14	1	109	2019-06-19 08:13:35	(null)	2019-06-19 08:13:35	1	0
733	1	(null)	15	1	109	2019-06-19 08:13:35	(null)	2019-06-19 08:13:35	1	0
734	1	(null)	16	1	109	2019-06-19 08:13:35	(null)	2019-06-19 08:13:35	1	0
735	1	(null)	17	1	109	2019-06-19 08:13:35	(null)	2019-06-19 08:13:35	1	0
736	1	(null)	18	1	109	2019-06-19 08:13:35	(null)	2019-06-19 08:13:35	1	0
737	1	(null)	27	1	109	2019-06-19 08:13:35	(null)	2019-06-19 08:13:35	1	0
738	1	(null)	19	1	109	2019-06-19 08:13:35	(null)	2019-06-19 08:13:35	1	0
739	1	(null)	20	1	109	2019-06-19 08:13:35	(null)	2019-06-19 08:13:35	1	0
740	1	(null)	22	1	109	2019-06-19 08:13:35	(null)	2019-06-19 08:13:35	2	0
741	1	(null)	23	1	109	2019-06-19 08:13:35	(null)	2019-06-19 08:13:35	2	0
742	1	(null)	24	1	109	2019-06-19 08:13:35	(null)	2019-06-19 08:13:35	2	0
743	1	(null)	21	1	109	2019-06-19 08:13:35	(null)	2019-06-19 08:13:35	2	0
744	1	(null)	25	1	109	2019-06-19 08:13:35	(null)	2019-06-19 08:13:35	3	0
745	1	(null)	26	1	109	2019-06-19 08:13:35	(null)	2019-06-19 08:13:35	3	0
749	1	(null)	17	1	110	2019-06-19 08:13:35	(null)	2019-06-19 08:13:35	1	5
753	1	(null)	20	1	110	2019-06-19 08:13:35	(null)	2019-06-19 08:13:35	1	5
747	1	(null)	15	1	110	2019-06-19 08:13:35	(null)	2019-06-19 08:13:35	1	2
751	1	(null)	27	1	110	2019-06-19 08:13:35	(null)	2019-06-19 08:13:35	1	10
746	1	(null)	14	1	110	2019-06-19 08:13:35	(null)	2019-06-19 08:13:35	1	0
748	1	(null)	16	1	110	2019-06-19 08:13:35	(null)	2019-06-19 08:13:35	1	0
750	1	(null)	18	1	110	2019-06-19 08:13:35	(null)	2019-06-19 08:13:35	1	0
752	1	(null)	19	1	110	2019-06-19 08:13:35	(null)	2019-06-19 08:13:35	1	0
754	1	(null)	22	1	110	2019-06-19 08:13:35	(null)	2019-06-19 08:13:35	2	0
755	1	(null)	23	1	110	2019-06-19 08:13:35	(null)	2019-06-19 08:13:35	2	0
756	1	(null)	24	1	110	2019-06-19 08:13:35	(null)	2019-06-19 08:13:35	2	0
757	1	(null)	21	1	110	2019-06-19 08:13:35	(null)	2019-06-19 08:13:35	2	0
758	1	(null)	25	1	110	2019-06-19 08:13:35	(null)	2019-06-19 08:13:35	3	0
759	1	(null)	26	1	110	2019-06-19 08:13:35	(null)	2019-06-19 08:13:35	3	0
760	1	(null)	14	1	111	2019-06-19 08:13:35	(null)	2019-06-19 08:13:35	1	0
761	1	(null)	15	1	111	2019-06-19 08:13:35	(null)	2019-06-19 08:13:35	1	0
762	1	(null)	16	1	111	2019-06-19 08:13:35	(null)	2019-06-19 08:13:35	1	0
763	1	(null)	17	1	111	2019-06-19 08:13:35	(null)	2019-06-19 08:13:35	1	0
764	1	(null)	18	1	111	2019-06-19 08:13:35	(null)	2019-06-19 08:13:35	1	0
765	1	(null)	27	1	111	2019-06-19 08:13:35	(null)	2019-06-19 08:13:35	1	0
766	1	(null)	19	1	111	2019-06-19 08:13:35	(null)	2019-06-19 08:13:35	1	0
767	1	(null)	20	1	111	2019-06-19 08:13:35	(null)	2019-06-19 08:13:35	1	0
768	1	(null)	22	1	111	2019-06-19 08:13:35	(null)	2019-06-19 08:13:35	2	0
769	1	(null)	23	1	111	2019-06-19 08:13:35	(null)	2019-06-19 08:13:35	2	0
770	1	(null)	24	1	111	2019-06-19 08:13:35	(null)	2019-06-19 08:13:35	2	0
771	1	(null)	21	1	111	2019-06-19 08:13:35	(null)	2019-06-19 08:13:35	2	0
772	1	(null)	25	1	111	2019-06-19 08:13:35	(null)	2019-06-19 08:13:35	3	0
773	1	(null)	26	1	111	2019-06-19 08:13:35	(null)	2019-06-19 08:13:35	3	0
782	1	(null)	22	1	112	2019-06-19 08:13:35	(null)	2019-06-19 08:13:35	2	12
774	1	(null)	14	1	112	2019-06-19 08:13:35	(null)	2019-06-19 08:13:35	1	0
775	1	(null)	15	1	112	2019-06-19 08:13:35	(null)	2019-06-19 08:13:35	1	0
776	1	(null)	16	1	112	2019-06-19 08:13:35	(null)	2019-06-19 08:13:35	1	0
777	1	(null)	17	1	112	2019-06-19 08:13:35	(null)	2019-06-19 08:13:35	1	0
778	1	(null)	18	1	112	2019-06-19 08:13:35	(null)	2019-06-19 08:13:35	1	0
779	1	(null)	27	1	112	2019-06-19 08:13:35	(null)	2019-06-19 08:13:35	1	0
780	1	(null)	19	1	112	2019-06-19 08:13:35	(null)	2019-06-19 08:13:35	1	0
781	1	(null)	20	1	112	2019-06-19 08:13:35	(null)	2019-06-19 08:13:35	1	0
783	1	(null)	23	1	112	2019-06-19 08:13:35	(null)	2019-06-19 08:13:35	2	0
784	1	(null)	24	1	112	2019-06-19 08:13:35	(null)	2019-06-19 08:13:35	2	0
785	1	(null)	21	1	112	2019-06-19 08:13:35	(null)	2019-06-19 08:13:35	2	0
786	1	(null)	25	1	112	2019-06-19 08:13:35	(null)	2019-06-19 08:13:35	3	0
787	1	(null)	26	1	112	2019-06-19 08:13:35	(null)	2019-06-19 08:13:35	3	0
788	1	(null)	14	1	113	2019-06-19 09:05:36	(null)	2019-06-19 09:05:36	1	0
789	1	(null)	15	1	113	2019-06-19 09:05:36	(null)	2019-06-19 09:05:36	1	0
790	1	(null)	16	1	113	2019-06-19 09:05:36	(null)	2019-06-19 09:05:36	1	0
791	1	(null)	17	1	113	2019-06-19 09:05:36	(null)	2019-06-19 09:05:36	1	0
792	1	(null)	18	1	113	2019-06-19 09:05:36	(null)	2019-06-19 09:05:36	1	0
793	1	(null)	27	1	113	2019-06-19 09:05:36	(null)	2019-06-19 09:05:36	1	0
794	1	(null)	19	1	113	2019-06-19 09:05:36	(null)	2019-06-19 09:05:36	1	0
795	1	(null)	20	1	113	2019-06-19 09:05:36	(null)	2019-06-19 09:05:36	1	0
796	1	(null)	22	1	113	2019-06-19 09:05:36	(null)	2019-06-19 09:05:36	2	0
797	1	(null)	23	1	113	2019-06-19 09:05:36	(null)	2019-06-19 09:05:36	2	0
798	1	(null)	24	1	113	2019-06-19 09:05:36	(null)	2019-06-19 09:05:36	2	0
799	1	(null)	21	1	113	2019-06-19 09:05:36	(null)	2019-06-19 09:05:36	2	0
800	1	(null)	25	1	113	2019-06-19 09:05:36	(null)	2019-06-19 09:05:36	3	0
801	1	(null)	26	1	113	2019-06-19 09:05:36	(null)	2019-06-19 09:05:36	3	0
805	1	(null)	17	1	114	2019-06-19 09:07:51	(null)	2019-06-19 09:07:51	1	5
809	1	(null)	20	1	114	2019-06-19 09:07:51	(null)	2019-06-19 09:07:51	1	5
803	1	(null)	15	1	114	2019-06-19 09:07:51	(null)	2019-06-19 09:07:51	1	2
807	1	(null)	27	1	114	2019-06-19 09:07:51	(null)	2019-06-19 09:07:51	1	10
802	1	(null)	14	1	114	2019-06-19 09:07:51	(null)	2019-06-19 09:07:51	1	0
804	1	(null)	16	1	114	2019-06-19 09:07:51	(null)	2019-06-19 09:07:51	1	0
806	1	(null)	18	1	114	2019-06-19 09:07:51	(null)	2019-06-19 09:07:51	1	0
808	1	(null)	19	1	114	2019-06-19 09:07:51	(null)	2019-06-19 09:07:51	1	0
810	1	(null)	22	1	114	2019-06-19 09:07:51	(null)	2019-06-19 09:07:51	2	0
811	1	(null)	23	1	114	2019-06-19 09:07:51	(null)	2019-06-19 09:07:51	2	0
812	1	(null)	24	1	114	2019-06-19 09:07:51	(null)	2019-06-19 09:07:51	2	0
813	1	(null)	21	1	114	2019-06-19 09:07:51	(null)	2019-06-19 09:07:51	2	0
814	1	(null)	25	1	114	2019-06-19 09:07:51	(null)	2019-06-19 09:07:51	3	0
815	1	(null)	26	1	114	2019-06-19 09:07:51	(null)	2019-06-19 09:07:51	3	0
816	1	(null)	14	1	115	2019-06-19 09:07:51	(null)	2019-06-19 09:07:51	1	0
817	1	(null)	15	1	115	2019-06-19 09:07:51	(null)	2019-06-19 09:07:51	1	0
818	1	(null)	16	1	115	2019-06-19 09:07:51	(null)	2019-06-19 09:07:51	1	0
819	1	(null)	17	1	115	2019-06-19 09:07:51	(null)	2019-06-19 09:07:51	1	0
820	1	(null)	18	1	115	2019-06-19 09:07:51	(null)	2019-06-19 09:07:51	1	0
821	1	(null)	27	1	115	2019-06-19 09:07:51	(null)	2019-06-19 09:07:51	1	0
822	1	(null)	19	1	115	2019-06-19 09:07:51	(null)	2019-06-19 09:07:51	1	0
823	1	(null)	20	1	115	2019-06-19 09:07:51	(null)	2019-06-19 09:07:51	1	0
824	1	(null)	22	1	115	2019-06-19 09:07:51	(null)	2019-06-19 09:07:51	2	0
825	1	(null)	23	1	115	2019-06-19 09:07:51	(null)	2019-06-19 09:07:51	2	0
826	1	(null)	24	1	115	2019-06-19 09:07:51	(null)	2019-06-19 09:07:51	2	0
827	1	(null)	21	1	115	2019-06-19 09:07:51	(null)	2019-06-19 09:07:51	2	0
828	1	(null)	25	1	115	2019-06-19 09:07:51	(null)	2019-06-19 09:07:51	3	0
829	1	(null)	26	1	115	2019-06-19 09:07:51	(null)	2019-06-19 09:07:51	3	0
830	1	(null)	14	1	116	2019-06-19 09:07:51	(null)	2019-06-19 09:07:51	1	0
831	1	(null)	15	1	116	2019-06-19 09:07:51	(null)	2019-06-19 09:07:51	1	0
832	1	(null)	16	1	116	2019-06-19 09:07:51	(null)	2019-06-19 09:07:51	1	0
833	1	(null)	17	1	116	2019-06-19 09:07:51	(null)	2019-06-19 09:07:51	1	0
834	1	(null)	18	1	116	2019-06-19 09:07:51	(null)	2019-06-19 09:07:51	1	0
835	1	(null)	27	1	116	2019-06-19 09:07:51	(null)	2019-06-19 09:07:51	1	0
836	1	(null)	19	1	116	2019-06-19 09:07:51	(null)	2019-06-19 09:07:51	1	0
837	1	(null)	20	1	116	2019-06-19 09:07:51	(null)	2019-06-19 09:07:51	1	0
838	1	(null)	22	1	116	2019-06-19 09:07:51	(null)	2019-06-19 09:07:51	2	0
839	1	(null)	23	1	116	2019-06-19 09:07:51	(null)	2019-06-19 09:07:51	2	0
840	1	(null)	24	1	116	2019-06-19 09:07:51	(null)	2019-06-19 09:07:51	2	0
841	1	(null)	21	1	116	2019-06-19 09:07:51	(null)	2019-06-19 09:07:51	2	0
842	1	(null)	25	1	116	2019-06-19 09:07:51	(null)	2019-06-19 09:07:51	3	0
843	1	(null)	26	1	116	2019-06-19 09:07:51	(null)	2019-06-19 09:07:51	3	0
844	1	(null)	14	1	117	2019-06-19 09:07:51	(null)	2019-06-19 09:07:51	1	0
845	1	(null)	15	1	117	2019-06-19 09:07:51	(null)	2019-06-19 09:07:51	1	0
846	1	(null)	16	1	117	2019-06-19 09:07:51	(null)	2019-06-19 09:07:51	1	0
847	1	(null)	17	1	117	2019-06-19 09:07:51	(null)	2019-06-19 09:07:51	1	0
848	1	(null)	18	1	117	2019-06-19 09:07:51	(null)	2019-06-19 09:07:51	1	0
849	1	(null)	27	1	117	2019-06-19 09:07:51	(null)	2019-06-19 09:07:51	1	0
850	1	(null)	19	1	117	2019-06-19 09:07:51	(null)	2019-06-19 09:07:51	1	0
851	1	(null)	20	1	117	2019-06-19 09:07:51	(null)	2019-06-19 09:07:51	1	0
852	1	(null)	22	1	117	2019-06-19 09:07:51	(null)	2019-06-19 09:07:51	2	0
853	1	(null)	23	1	117	2019-06-19 09:07:51	(null)	2019-06-19 09:07:51	2	0
854	1	(null)	24	1	117	2019-06-19 09:07:51	(null)	2019-06-19 09:07:51	2	0
855	1	(null)	21	1	117	2019-06-19 09:07:51	(null)	2019-06-19 09:07:51	2	0
856	1	(null)	25	1	117	2019-06-19 09:07:51	(null)	2019-06-19 09:07:51	3	0
857	1	(null)	26	1	117	2019-06-19 09:07:51	(null)	2019-06-19 09:07:51	3	0
858	1	(null)	14	1	118	2019-06-19 09:07:51	(null)	2019-06-19 09:07:51	1	0
859	1	(null)	15	1	118	2019-06-19 09:07:51	(null)	2019-06-19 09:07:51	1	0
860	1	(null)	16	1	118	2019-06-19 09:07:51	(null)	2019-06-19 09:07:51	1	0
861	1	(null)	17	1	118	2019-06-19 09:07:51	(null)	2019-06-19 09:07:51	1	0
862	1	(null)	18	1	118	2019-06-19 09:07:51	(null)	2019-06-19 09:07:51	1	0
863	1	(null)	27	1	118	2019-06-19 09:07:51	(null)	2019-06-19 09:07:51	1	0
864	1	(null)	19	1	118	2019-06-19 09:07:51	(null)	2019-06-19 09:07:51	1	0
865	1	(null)	20	1	118	2019-06-19 09:07:51	(null)	2019-06-19 09:07:51	1	0
866	1	(null)	22	1	118	2019-06-19 09:07:51	(null)	2019-06-19 09:07:51	2	0
867	1	(null)	23	1	118	2019-06-19 09:07:51	(null)	2019-06-19 09:07:51	2	0
868	1	(null)	24	1	118	2019-06-19 09:07:51	(null)	2019-06-19 09:07:51	2	0
869	1	(null)	21	1	118	2019-06-19 09:07:51	(null)	2019-06-19 09:07:51	2	0
870	1	(null)	25	1	118	2019-06-19 09:07:51	(null)	2019-06-19 09:07:51	3	0
871	1	(null)	26	1	118	2019-06-19 09:07:51	(null)	2019-06-19 09:07:51	3	0
872	1	(null)	14	1	119	2019-06-19 09:07:51	(null)	2019-06-19 09:07:51	1	0
873	1	(null)	15	1	119	2019-06-19 09:07:51	(null)	2019-06-19 09:07:51	1	0
874	1	(null)	16	1	119	2019-06-19 09:07:51	(null)	2019-06-19 09:07:51	1	0
875	1	(null)	17	1	119	2019-06-19 09:07:51	(null)	2019-06-19 09:07:51	1	0
876	1	(null)	18	1	119	2019-06-19 09:07:51	(null)	2019-06-19 09:07:51	1	0
877	1	(null)	27	1	119	2019-06-19 09:07:51	(null)	2019-06-19 09:07:51	1	0
878	1	(null)	19	1	119	2019-06-19 09:07:51	(null)	2019-06-19 09:07:51	1	0
879	1	(null)	20	1	119	2019-06-19 09:07:51	(null)	2019-06-19 09:07:51	1	0
880	1	(null)	22	1	119	2019-06-19 09:07:51	(null)	2019-06-19 09:07:51	2	0
881	1	(null)	23	1	119	2019-06-19 09:07:51	(null)	2019-06-19 09:07:51	2	0
882	1	(null)	24	1	119	2019-06-19 09:07:51	(null)	2019-06-19 09:07:51	2	0
883	1	(null)	21	1	119	2019-06-19 09:07:51	(null)	2019-06-19 09:07:51	2	0
884	1	(null)	25	1	119	2019-06-19 09:07:51	(null)	2019-06-19 09:07:51	3	0
885	1	(null)	26	1	119	2019-06-19 09:07:51	(null)	2019-06-19 09:07:51	3	0
886	1	(null)	14	1	120	2019-06-19 09:15:45	(null)	2019-06-19 09:15:45	1	0
887	1	(null)	15	1	120	2019-06-19 09:15:45	(null)	2019-06-19 09:15:45	1	0
888	1	(null)	16	1	120	2019-06-19 09:15:45	(null)	2019-06-19 09:15:45	1	0
889	1	(null)	17	1	120	2019-06-19 09:15:45	(null)	2019-06-19 09:15:45	1	0
890	1	(null)	18	1	120	2019-06-19 09:15:45	(null)	2019-06-19 09:15:45	1	0
891	1	(null)	27	1	120	2019-06-19 09:15:45	(null)	2019-06-19 09:15:45	1	0
892	1	(null)	19	1	120	2019-06-19 09:15:45	(null)	2019-06-19 09:15:45	1	0
893	1	(null)	20	1	120	2019-06-19 09:15:45	(null)	2019-06-19 09:15:45	1	0
894	1	(null)	22	1	120	2019-06-19 09:15:45	(null)	2019-06-19 09:15:45	2	0
895	1	(null)	23	1	120	2019-06-19 09:15:45	(null)	2019-06-19 09:15:45	2	0
896	1	(null)	24	1	120	2019-06-19 09:15:45	(null)	2019-06-19 09:15:45	2	0
897	1	(null)	21	1	120	2019-06-19 09:15:45	(null)	2019-06-19 09:15:45	2	0
898	1	(null)	25	1	120	2019-06-19 09:15:45	(null)	2019-06-19 09:15:45	3	0
899	1	(null)	26	1	120	2019-06-19 09:15:45	(null)	2019-06-19 09:15:45	3	0
900	1	(null)	14	1	121	2019-06-19 09:15:45	(null)	2019-06-19 09:15:45	1	0
901	1	(null)	15	1	121	2019-06-19 09:15:45	(null)	2019-06-19 09:15:45	1	0
902	1	(null)	16	1	121	2019-06-19 09:15:45	(null)	2019-06-19 09:15:45	1	0
903	1	(null)	17	1	121	2019-06-19 09:15:45	(null)	2019-06-19 09:15:45	1	0
904	1	(null)	18	1	121	2019-06-19 09:15:45	(null)	2019-06-19 09:15:45	1	0
905	1	(null)	27	1	121	2019-06-19 09:15:45	(null)	2019-06-19 09:15:45	1	0
906	1	(null)	19	1	121	2019-06-19 09:15:45	(null)	2019-06-19 09:15:45	1	0
907	1	(null)	20	1	121	2019-06-19 09:15:45	(null)	2019-06-19 09:15:45	1	0
908	1	(null)	22	1	121	2019-06-19 09:15:45	(null)	2019-06-19 09:15:45	2	0
909	1	(null)	23	1	121	2019-06-19 09:15:45	(null)	2019-06-19 09:15:45	2	0
910	1	(null)	24	1	121	2019-06-19 09:15:45	(null)	2019-06-19 09:15:45	2	0
911	1	(null)	21	1	121	2019-06-19 09:15:45	(null)	2019-06-19 09:15:45	2	0
912	1	(null)	25	1	121	2019-06-19 09:15:45	(null)	2019-06-19 09:15:45	3	0
913	1	(null)	26	1	121	2019-06-19 09:15:45	(null)	2019-06-19 09:15:45	3	0
914	1	(null)	14	1	122	2019-06-19 09:15:45	(null)	2019-06-19 09:15:45	1	0
915	1	(null)	15	1	122	2019-06-19 09:15:45	(null)	2019-06-19 09:15:45	1	0
916	1	(null)	16	1	122	2019-06-19 09:15:45	(null)	2019-06-19 09:15:45	1	0
917	1	(null)	17	1	122	2019-06-19 09:15:45	(null)	2019-06-19 09:15:45	1	0
918	1	(null)	18	1	122	2019-06-19 09:15:45	(null)	2019-06-19 09:15:45	1	0
919	1	(null)	27	1	122	2019-06-19 09:15:45	(null)	2019-06-19 09:15:45	1	0
920	1	(null)	19	1	122	2019-06-19 09:15:45	(null)	2019-06-19 09:15:45	1	0
921	1	(null)	20	1	122	2019-06-19 09:15:45	(null)	2019-06-19 09:15:45	1	0
922	1	(null)	22	1	122	2019-06-19 09:15:45	(null)	2019-06-19 09:15:45	2	0
923	1	(null)	23	1	122	2019-06-19 09:15:45	(null)	2019-06-19 09:15:45	2	0
924	1	(null)	24	1	122	2019-06-19 09:15:45	(null)	2019-06-19 09:15:45	2	0
925	1	(null)	21	1	122	2019-06-19 09:15:45	(null)	2019-06-19 09:15:45	2	0
926	1	(null)	25	1	122	2019-06-19 09:15:45	(null)	2019-06-19 09:15:45	3	0
927	1	(null)	26	1	122	2019-06-19 09:15:45	(null)	2019-06-19 09:15:45	3	0
928	1	(null)	14	1	123	2019-06-19 09:15:45	(null)	2019-06-19 09:15:45	1	0
929	1	(null)	15	1	123	2019-06-19 09:15:45	(null)	2019-06-19 09:15:45	1	0
930	1	(null)	16	1	123	2019-06-19 09:15:45	(null)	2019-06-19 09:15:45	1	0
931	1	(null)	17	1	123	2019-06-19 09:15:45	(null)	2019-06-19 09:15:45	1	0
932	1	(null)	18	1	123	2019-06-19 09:15:45	(null)	2019-06-19 09:15:45	1	0
933	1	(null)	27	1	123	2019-06-19 09:15:45	(null)	2019-06-19 09:15:45	1	0
934	1	(null)	19	1	123	2019-06-19 09:15:45	(null)	2019-06-19 09:15:45	1	0
935	1	(null)	20	1	123	2019-06-19 09:15:45	(null)	2019-06-19 09:15:45	1	0
936	1	(null)	22	1	123	2019-06-19 09:15:45	(null)	2019-06-19 09:15:45	2	0
937	1	(null)	23	1	123	2019-06-19 09:15:45	(null)	2019-06-19 09:15:45	2	0
938	1	(null)	24	1	123	2019-06-19 09:15:45	(null)	2019-06-19 09:15:45	2	0
939	1	(null)	21	1	123	2019-06-19 09:15:45	(null)	2019-06-19 09:15:45	2	0
940	1	(null)	25	1	123	2019-06-19 09:15:45	(null)	2019-06-19 09:15:45	3	0
941	1	(null)	26	1	123	2019-06-19 09:15:45	(null)	2019-06-19 09:15:45	3	0
942	1	(null)	14	1	124	2019-06-19 09:15:45	(null)	2019-06-19 09:15:45	1	0
943	1	(null)	15	1	124	2019-06-19 09:15:45	(null)	2019-06-19 09:15:45	1	0
944	1	(null)	16	1	124	2019-06-19 09:15:45	(null)	2019-06-19 09:15:45	1	0
945	1	(null)	17	1	124	2019-06-19 09:15:45	(null)	2019-06-19 09:15:45	1	0
946	1	(null)	18	1	124	2019-06-19 09:15:45	(null)	2019-06-19 09:15:45	1	0
947	1	(null)	27	1	124	2019-06-19 09:15:45	(null)	2019-06-19 09:15:45	1	0
948	1	(null)	19	1	124	2019-06-19 09:15:45	(null)	2019-06-19 09:15:45	1	0
949	1	(null)	20	1	124	2019-06-19 09:15:45	(null)	2019-06-19 09:15:45	1	0
950	1	(null)	22	1	124	2019-06-19 09:15:45	(null)	2019-06-19 09:15:45	2	0
951	1	(null)	23	1	124	2019-06-19 09:15:45	(null)	2019-06-19 09:15:45	2	0
952	1	(null)	24	1	124	2019-06-19 09:15:45	(null)	2019-06-19 09:15:45	2	0
953	1	(null)	21	1	124	2019-06-19 09:15:45	(null)	2019-06-19 09:15:45	2	0
954	1	(null)	25	1	124	2019-06-19 09:15:45	(null)	2019-06-19 09:15:45	3	0
955	1	(null)	26	1	124	2019-06-19 09:15:45	(null)	2019-06-19 09:15:45	3	0
956	1	(null)	14	1	125	2019-06-19 09:15:45	(null)	2019-06-19 09:15:45	1	0
957	1	(null)	15	1	125	2019-06-19 09:15:45	(null)	2019-06-19 09:15:45	1	0
958	1	(null)	16	1	125	2019-06-19 09:15:45	(null)	2019-06-19 09:15:45	1	0
959	1	(null)	17	1	125	2019-06-19 09:15:45	(null)	2019-06-19 09:15:45	1	0
960	1	(null)	18	1	125	2019-06-19 09:15:45	(null)	2019-06-19 09:15:45	1	0
961	1	(null)	27	1	125	2019-06-19 09:15:45	(null)	2019-06-19 09:15:45	1	0
962	1	(null)	19	1	125	2019-06-19 09:15:45	(null)	2019-06-19 09:15:45	1	0
963	1	(null)	20	1	125	2019-06-19 09:15:45	(null)	2019-06-19 09:15:45	1	0
964	1	(null)	22	1	125	2019-06-19 09:15:45	(null)	2019-06-19 09:15:45	2	0
965	1	(null)	23	1	125	2019-06-19 09:15:45	(null)	2019-06-19 09:15:45	2	0
966	1	(null)	24	1	125	2019-06-19 09:15:45	(null)	2019-06-19 09:15:45	2	0
967	1	(null)	21	1	125	2019-06-19 09:15:45	(null)	2019-06-19 09:15:45	2	0
968	1	(null)	25	1	125	2019-06-19 09:15:45	(null)	2019-06-19 09:15:45	3	0
969	1	(null)	26	1	125	2019-06-19 09:15:45	(null)	2019-06-19 09:15:45	3	0
970	1	(null)	14	1	126	2019-06-19 09:15:45	(null)	2019-06-19 09:15:45	1	0
971	1	(null)	15	1	126	2019-06-19 09:15:45	(null)	2019-06-19 09:15:45	1	0
972	1	(null)	16	1	126	2019-06-19 09:15:45	(null)	2019-06-19 09:15:45	1	0
973	1	(null)	17	1	126	2019-06-19 09:15:45	(null)	2019-06-19 09:15:45	1	0
974	1	(null)	18	1	126	2019-06-19 09:15:45	(null)	2019-06-19 09:15:45	1	0
975	1	(null)	27	1	126	2019-06-19 09:15:45	(null)	2019-06-19 09:15:45	1	0
976	1	(null)	19	1	126	2019-06-19 09:15:45	(null)	2019-06-19 09:15:45	1	0
977	1	(null)	20	1	126	2019-06-19 09:15:45	(null)	2019-06-19 09:15:45	1	0
978	1	(null)	22	1	126	2019-06-19 09:15:45	(null)	2019-06-19 09:15:45	2	0
979	1	(null)	23	1	126	2019-06-19 09:15:45	(null)	2019-06-19 09:15:45	2	0
980	1	(null)	24	1	126	2019-06-19 09:15:45	(null)	2019-06-19 09:15:45	2	0
981	1	(null)	21	1	126	2019-06-19 09:15:45	(null)	2019-06-19 09:15:45	2	0
982	1	(null)	25	1	126	2019-06-19 09:15:45	(null)	2019-06-19 09:15:45	3	0
983	1	(null)	26	1	126	2019-06-19 09:15:45	(null)	2019-06-19 09:15:45	3	0
984	1	(null)	14	1	127	2019-06-19 09:15:45	(null)	2019-06-19 09:15:45	1	0
985	1	(null)	15	1	127	2019-06-19 09:15:45	(null)	2019-06-19 09:15:45	1	0
986	1	(null)	16	1	127	2019-06-19 09:15:45	(null)	2019-06-19 09:15:45	1	0
987	1	(null)	17	1	127	2019-06-19 09:15:45	(null)	2019-06-19 09:15:45	1	0
988	1	(null)	18	1	127	2019-06-19 09:15:45	(null)	2019-06-19 09:15:45	1	0
989	1	(null)	27	1	127	2019-06-19 09:15:45	(null)	2019-06-19 09:15:45	1	0
990	1	(null)	19	1	127	2019-06-19 09:15:45	(null)	2019-06-19 09:15:45	1	0
991	1	(null)	20	1	127	2019-06-19 09:15:45	(null)	2019-06-19 09:15:45	1	0
992	1	(null)	22	1	127	2019-06-19 09:15:45	(null)	2019-06-19 09:15:45	2	0
993	1	(null)	23	1	127	2019-06-19 09:15:45	(null)	2019-06-19 09:15:45	2	0
994	1	(null)	24	1	127	2019-06-19 09:15:45	(null)	2019-06-19 09:15:45	2	0
995	1	(null)	21	1	127	2019-06-19 09:15:45	(null)	2019-06-19 09:15:45	2	0
996	1	(null)	25	1	127	2019-06-19 09:15:45	(null)	2019-06-19 09:15:45	3	0
997	1	(null)	26	1	127	2019-06-19 09:15:45	(null)	2019-06-19 09:15:45	3	0
998	1	(null)	14	1	128	2019-06-19 09:15:45	(null)	2019-06-19 09:15:45	1	0
999	1	(null)	15	1	128	2019-06-19 09:15:45	(null)	2019-06-19 09:15:45	1	0
1000	1	(null)	16	1	128	2019-06-19 09:15:45	(null)	2019-06-19 09:15:45	1	0
1001	1	(null)	17	1	128	2019-06-19 09:15:45	(null)	2019-06-19 09:15:45	1	0
1002	1	(null)	18	1	128	2019-06-19 09:15:45	(null)	2019-06-19 09:15:45	1	0
1003	1	(null)	27	1	128	2019-06-19 09:15:45	(null)	2019-06-19 09:15:45	1	0
1004	1	(null)	19	1	128	2019-06-19 09:15:45	(null)	2019-06-19 09:15:45	1	0
1005	1	(null)	20	1	128	2019-06-19 09:15:45	(null)	2019-06-19 09:15:45	1	0
1006	1	(null)	22	1	128	2019-06-19 09:15:45	(null)	2019-06-19 09:15:45	2	0
1007	1	(null)	23	1	128	2019-06-19 09:15:45	(null)	2019-06-19 09:15:45	2	0
1008	1	(null)	24	1	128	2019-06-19 09:15:45	(null)	2019-06-19 09:15:45	2	0
1009	1	(null)	21	1	128	2019-06-19 09:15:45	(null)	2019-06-19 09:15:45	2	0
1010	1	(null)	25	1	128	2019-06-19 09:15:45	(null)	2019-06-19 09:15:45	3	0
1011	1	(null)	26	1	128	2019-06-19 09:15:45	(null)	2019-06-19 09:15:45	3	0
1022	1	(null)	24	1	129	2019-06-19 09:15:45	(null)	2019-06-19 09:15:45	2	4
1012	1	(null)	14	1	129	2019-06-19 09:15:45	(null)	2019-06-19 09:15:45	1	0
1013	1	(null)	15	1	129	2019-06-19 09:15:45	(null)	2019-06-19 09:15:45	1	0
1014	1	(null)	16	1	129	2019-06-19 09:15:45	(null)	2019-06-19 09:15:45	1	0
1015	1	(null)	17	1	129	2019-06-19 09:15:45	(null)	2019-06-19 09:15:45	1	0
1016	1	(null)	18	1	129	2019-06-19 09:15:45	(null)	2019-06-19 09:15:45	1	0
1017	1	(null)	27	1	129	2019-06-19 09:15:45	(null)	2019-06-19 09:15:45	1	0
1018	1	(null)	19	1	129	2019-06-19 09:15:45	(null)	2019-06-19 09:15:45	1	0
1019	1	(null)	20	1	129	2019-06-19 09:15:45	(null)	2019-06-19 09:15:45	1	0
1020	1	(null)	22	1	129	2019-06-19 09:15:45	(null)	2019-06-19 09:15:45	2	0
1021	1	(null)	23	1	129	2019-06-19 09:15:45	(null)	2019-06-19 09:15:45	2	0
1023	1	(null)	21	1	129	2019-06-19 09:15:45	(null)	2019-06-19 09:15:45	2	0
1024	1	(null)	25	1	129	2019-06-19 09:15:45	(null)	2019-06-19 09:15:45	3	0
1025	1	(null)	26	1	129	2019-06-19 09:15:45	(null)	2019-06-19 09:15:45	3	0
1026	1	(null)	14	1	130	2019-06-19 09:17:55	(null)	2019-06-19 09:17:55	1	0
1027	1	(null)	15	1	130	2019-06-19 09:17:55	(null)	2019-06-19 09:17:55	1	0
1028	1	(null)	16	1	130	2019-06-19 09:17:55	(null)	2019-06-19 09:17:55	1	0
1029	1	(null)	17	1	130	2019-06-19 09:17:55	(null)	2019-06-19 09:17:55	1	0
1030	1	(null)	18	1	130	2019-06-19 09:17:55	(null)	2019-06-19 09:17:55	1	0
1031	1	(null)	27	1	130	2019-06-19 09:17:55	(null)	2019-06-19 09:17:55	1	0
1032	1	(null)	19	1	130	2019-06-19 09:17:55	(null)	2019-06-19 09:17:55	1	0
1033	1	(null)	20	1	130	2019-06-19 09:17:55	(null)	2019-06-19 09:17:55	1	0
1034	1	(null)	22	1	130	2019-06-19 09:17:55	(null)	2019-06-19 09:17:55	2	0
1035	1	(null)	23	1	130	2019-06-19 09:17:55	(null)	2019-06-19 09:17:55	2	0
1036	1	(null)	24	1	130	2019-06-19 09:17:55	(null)	2019-06-19 09:17:55	2	0
1037	1	(null)	21	1	130	2019-06-19 09:17:55	(null)	2019-06-19 09:17:55	2	0
1038	1	(null)	25	1	130	2019-06-19 09:17:55	(null)	2019-06-19 09:17:55	3	0
1039	1	(null)	26	1	130	2019-06-19 09:17:55	(null)	2019-06-19 09:17:55	3	0
1040	1	(null)	14	1	131	2019-06-19 09:19:43	(null)	2019-06-19 09:19:43	1	0
1041	1	(null)	15	1	131	2019-06-19 09:19:43	(null)	2019-06-19 09:19:43	1	0
1042	1	(null)	16	1	131	2019-06-19 09:19:43	(null)	2019-06-19 09:19:43	1	0
1043	1	(null)	17	1	131	2019-06-19 09:19:43	(null)	2019-06-19 09:19:43	1	0
1044	1	(null)	18	1	131	2019-06-19 09:19:43	(null)	2019-06-19 09:19:43	1	0
1045	1	(null)	27	1	131	2019-06-19 09:19:43	(null)	2019-06-19 09:19:43	1	0
1046	1	(null)	19	1	131	2019-06-19 09:19:43	(null)	2019-06-19 09:19:43	1	0
1047	1	(null)	20	1	131	2019-06-19 09:19:43	(null)	2019-06-19 09:19:43	1	0
1048	1	(null)	22	1	131	2019-06-19 09:19:43	(null)	2019-06-19 09:19:43	2	0
1049	1	(null)	23	1	131	2019-06-19 09:19:43	(null)	2019-06-19 09:19:43	2	0
1050	1	(null)	24	1	131	2019-06-19 09:19:43	(null)	2019-06-19 09:19:43	2	0
1051	1	(null)	21	1	131	2019-06-19 09:19:43	(null)	2019-06-19 09:19:43	2	0
1052	1	(null)	25	1	131	2019-06-19 09:19:43	(null)	2019-06-19 09:19:43	3	0
1053	1	(null)	26	1	131	2019-06-19 09:19:43	(null)	2019-06-19 09:19:43	3	0
1054	1	(null)	14	1	132	2019-06-19 09:20:42	(null)	2019-06-19 09:20:42	1	0
1055	1	(null)	15	1	132	2019-06-19 09:20:42	(null)	2019-06-19 09:20:42	1	0
1056	1	(null)	16	1	132	2019-06-19 09:20:42	(null)	2019-06-19 09:20:42	1	0
1057	1	(null)	17	1	132	2019-06-19 09:20:42	(null)	2019-06-19 09:20:42	1	0
1058	1	(null)	18	1	132	2019-06-19 09:20:42	(null)	2019-06-19 09:20:42	1	0
1059	1	(null)	27	1	132	2019-06-19 09:20:42	(null)	2019-06-19 09:20:42	1	0
1060	1	(null)	19	1	132	2019-06-19 09:20:42	(null)	2019-06-19 09:20:42	1	0
1061	1	(null)	20	1	132	2019-06-19 09:20:42	(null)	2019-06-19 09:20:42	1	0
1062	1	(null)	22	1	132	2019-06-19 09:20:42	(null)	2019-06-19 09:20:42	2	0
1063	1	(null)	23	1	132	2019-06-19 09:20:42	(null)	2019-06-19 09:20:42	2	0
1064	1	(null)	24	1	132	2019-06-19 09:20:42	(null)	2019-06-19 09:20:42	2	0
1065	1	(null)	21	1	132	2019-06-19 09:20:42	(null)	2019-06-19 09:20:42	2	0
1066	1	(null)	25	1	132	2019-06-19 09:20:42	(null)	2019-06-19 09:20:42	3	0
1067	1	(null)	26	1	132	2019-06-19 09:20:42	(null)	2019-06-19 09:20:42	3	0
